type,form_or_lemma,frequency
NOUN,transition,22071
NOUN,énergie,16878
NOUN,transport,14933
NOUN,solution,12293
NOUN,exemple,12054
NOUN,production,11544
NOUN,place,10732
NOUN,entreprise,10419
NOUN,consommation,10186
NOUN,eau,9674
NOUN,produit,9506
NOUN,voiture,9352
NOUN,vie,8381
NOUN,an,8116
NOUN,niveau,7732
NOUN,ville,7088
NOUN,pollution,6944
NOUN,véhicule,6928
NOUN,écologie,6535
NOUN,prix,6526
NOUN,agriculture,6349
NOUN,électricité,6297
NOUN,déchet,6266
NOUN,recherche,6105
NOUN,terme,6028
NOUN,france,5993
NOUN,utilisation,5695
NOUN,terre,5683
NOUN,projet,5344
NOUN,pays,5324
NOUN,état,5316
NOUN,question,5123
NOUN,emploi,5111
NOUN,service,5102
NOUN,économie,5008
NOUN,coût,4959
NOUN,batterie,4932
NOUN,besoin,4921
NOUN,travail,4878
NOUN,développement,4793
NOUN,environnement,4786
NOUN,citoyen,4768
NOUN,compte,4759
NOUN,aide,4727
NOUN,etat,4654
NOUN,biodiversité,4576
NOUN,personne,4530
NOUN,industrie,4412
NOUN,enfant,4392
NOUN,problème,4331
NOUN,construction,4319
NOUN,action,4269
NOUN,heure,4208
NOUN,part,4160
NOUN,camion,4128
NOUN,loi,4104
NOUN,société,4059
NOUN,monde,4018
NOUN,système,3977
NOUN,lieu,3920
NOUN,nombre,3919
NOUN,recyclage,3813
NOUN,cas,3807
NOUN,mesure,3787
NOUN,matière,3779
NOUN,changement,3779
NOUN,population,3755
NOUN,chose,3745
NOUN,zone,3679
NOUN,choix,3658
NOUN,emballage,3650
NOUN,kilomètre,3634
NOUN,pollueur,3615
NOUN,gouvernement,3578
NOUN,année,3544
NOUN,jour,3496
NOUN,fois,3415
NOUN,chauffage,3407
NOUN,panneau,3398
NOUN,qualité,3366
NOUN,point,3317
NOUN,moteur,3300
NOUN,ressource,3248
NOUN,partie,3223
NOUN,oui,3175
NOUN,interdiction,3151
NOUN,argent,3129
NOUN,investissement,3116
NOUN,achat,3096
NOUN,émission,3024
NOUN,sujet,3002
NOUN,réduction,2990
NOUN,poids,2974
NOUN,installation,2912
NOUN,temps,2883
NOUN,urgence,2869
NOUN,mode,2862
NOUN,intérêt,2845
NOUN,rapport,2821
NOUN,priorité,2810
NOUN,condition,2801
NOUN,source,2751
NOUN,protection,2746
NOUN,école,2743
NOUN,bâtiment,2706
NOUN,domaine,2705
NOUN,animal,2677
NOUN,alimentation,2654
NOUN,usage,2652
NOUN,hydrogène,2640
NOUN,décision,2601
NOUN,plan,2598
NOUN,éducation,2588
NOUN,fin,2536
NOUN,voie,2535
NOUN,logement,2525
NOUN,création,2498
NOUN,mise,2493
NOUN,activité,2473
NOUN,norme,2465
NOUN,consommateur,2462
NOUN,obligation,2460
NOUN,euro,2458
NOUN,proposition,2439
NOUN,air,2424
NOUN,sens,2415
NOUN,réseau,2409
NOUN,impact,2383
NOUN,cause,2377
NOUN,région,2376
NOUN,ferroutage,2373
NOUN,débat,2360
NOUN,fiscalité,2355
NOUN,fonction,2348
NOUN,maison,2338
NOUN,route,2314
NOUN,collectivité,2275
NOUN,manière,2247
NOUN,taxation,2234
NOUN,fabrication,2218
NOUN,conscience,2200
NOUN,effort,2197
NOUN,nature,2194
NOUN,climat,2153
NOUN,augmentation,2151
NOUN,objectif,2145
NOUN,gestion,2132
NOUN,croissance,2128
NOUN,charge,2098
NOUN,particulier,2089
NOUN,contrôle,2083
NOUN,conséquence,2066
NOUN,modèle,2056
NOUN,filière,2032
NOUN,principe,2016
NOUN,proximité,1990
NOUN,ligne,1971
NOUN,étude,1956
NOUN,milliard,1897
NOUN,gaspillage,1892
NOUN,exploitation,1865
NOUN,vitesse,1858
NOUN,producteur,1847
NOUN,espèce,1841
NOUN,isolation,1794
NOUN,type,1793
NOUN,chasse,1785
NOUN,centre,1768
NOUN,essence,1765
NOUN,lobby,1742
NOUN,face,1738
NOUN,pesticide,1729
NOUN,stockage,1703
NOUN,technologie,1700
NOUN,rénovation,1697
NOUN,verre,1694
NOUN,santé,1691
NOUN,cours,1686
NOUN,million,1681
NOUN,surface,1661
NOUN,commerce,1660
NOUN,information,1659
NOUN,alternative,1641
NOUN,taxe,1640
NOUN,habitat,1636
NOUN,autoroute,1635
NOUN,importation,1635
NOUN,limitation,1618
NOUN,energie,1607
NOUN,arrêt,1603
NOUN,carburant,1600
NOUN,groupe,1596
NOUN,carbone,1593
NOUN,circulation,1585
NOUN,résultat,1581
NOUN,financement,1577
NOUN,marché,1572
NOUN,avenir,1565
NOUN,espace,1555
NOUN,idée,1542
NOUN,suppression,1534
NOUN,échelle,1524
NOUN,lourd,1522
NOUN,bilan,1521
NOUN,obsolescence,1518
NOUN,homme,1496
NOUN,subvention,1487
NOUN,formation,1486
NOUN,comportement,1484
NOUN,habitation,1463
NOUN,accès,1449
NOUN,base,1418
NOUN,situation,1418
NOUN,distribution,1417
NOUN,distance,1402
NOUN,circuit,1383
NOUN,mois,1378
NOUN,avantage,1378
NOUN,raison,1376
NOUN,taxer,1360
NOUN,forme,1351
NOUN,contribution,1342
NOUN,culture,1341
NOUN,vue,1327
NOUN,serre,1327
NOUN,valeur,1327
NOUN,sécurité,1319
NOUN,traitement,1316
NOUN,acteur,1303
NOUN,destruction,1298
NOUN,degré,1292
NOUN,faut,1261
NOUN,dépense,1244
NOUN,association,1242
NOUN,déplacement,1239
NOUN,diminution,1232
NOUN,parc,1229
NOUN,initiative,1224
NOUN,grâce,1203
NOUN,infrastructure,1197
NOUN,profit,1196
NOUN,budget,1192
NOUN,possibilité,1183
NOUN,paysage,1179
NOUN,cantine,1162
NOUN,humanité,1155
NOUN,effet,1151
NOUN,autonomie,1149
NOUN,accord,1149
NOUN,durée,1140
NOUN,nécessité,1134
NOUN,accident,1129
NOUN,disparition,1125
NOUN,courage,1112
NOUN,viande,1100
NOUN,président,1097
NOUN,attention,1094
NOUN,village,1088
NOUN,programme,1081
NOUN,réponse,1072
NOUN,politique,1070
NOUN,volonté,1068
NOUN,élevage,1066
NOUN,responsabilité,1061
NOUN,suite,1061
NOUN,administration,1061
NOUN,nucléaire,1060
NOUN,vision,1055
NOUN,doute,1053
NOUN,gaz,1050
NOUN,pression,1047
NOUN,titre,1046
NOUN,social,1040
NOUN,avion,1032
NOUN,publicité,1031
NOUN,incitation,1030
NOUN,majorité,1024
NOUN,ménage,1022
NOUN,site,1020
NOUN,capacité,1016
NOUN,bus,1003
NOUN,entretien,1003
NOUN,catastrophe,1000
NOUN,constructeur,997
NOUN,efficacité,994
NOUN,perte,992
NOUN,secteur,991
NOUN,côté,989
NOUN,amélioration,986
NOUN,prise,986
NOUN,ensemble,979
NOUN,finance,976
NOUN,engagement,973
NOUN,propriétaire,972
NOUN,trafic,967
NOUN,moment,965
NOUN,passage,965
NOUN,fonds,961
NOUN,commune,960
NOUN,génération,960
NOUN,peuple,954
NOUN,réflexion,950
NOUN,réglementation,949
NOUN,concurrence,944
NOUN,organisme,942
NOUN,sorte,939
NOUN,piste,936
NOUN,routier,933
NOUN,internet,931
NOUN,disposition,930
NOUN,oeuvre,923
NOUN,ministère,920
NOUN,ministre,919
NOUN,affaire,917
NOUN,communication,911
NOUN,méthode,908
NOUN,milieu,905
NOUN,quantité,904
NOUN,application,892
NOUN,hauteur,877
NOUN,évolution,869
NOUN,forêt,857
NOUN,sensibilisation,853
NOUN,préservation,851
NOUN,organisation,850
NOUN,transformation,847
NOUN,éclairage,845
NOUN,risque,841
NOUN,sauvage,840
NOUN,rendement,838
NOUN,fruit,828
NOUN,maximum,827
NOUN,pêche,823
NOUN,faveur,821
NOUN,siècle,820
NOUN,bien,818
NOUN,connaissance,797
NOUN,rôle,794
NOUN,taille,792
NOUN,mobilité,788
NOUN,conversion,786
NOUN,classe,785
NOUN,rejet,785
NOUN,implantation,784
NOUN,âge,779
NOUN,taux,774
NOUN,justice,772
NOUN,prime,770
NOUN,campagne,768
NOUN,crédit,767
NOUN,surconsommation,764
NOUN,réparation,764
NOUN,période,761
NOUN,dirigeant,754
NOUN,réalité,752
NOUN,marche,743
NOUN,règle,741
NOUN,demande,740
NOUN,haie,738
NOUN,enjeu,737
NOUN,covoiturage,736
NOUN,discours,733
NOUN,objet,728
NOUN,équilibre,727
NOUN,expérimentation,724
NOUN,restauration,722
NOUN,structure,719
NOUN,bout,715
NOUN,mort,715
NOUN,aliment,714
NOUN,innovation,708
NOUN,conseil,706
NOUN,amende,703
NOUN,recours,701
NOUN,nom,698
NOUN,pétrole,697
NOUN,décroissance,694
NOUN,famille,690
NOUN,sac,683
NOUN,lutte,682
NOUN,agriculteur,676
NOUN,masse,671
NOUN,élu,669
NOUN,local,667
NOUN,confiance,665
NOUN,poisson,664
NOUN,droit,664
NOUN,oiseau,663
NOUN,décharge,663
NOUN,puissance,662
NOUN,location,657
NOUN,récupération,656
NOUN,commission,656
NOUN,moyen,652
NOUN,peine,652
NOUN,interdire,652
NOUN,critère,647
NOUN,sortie,646
NOUN,erreur,645
NOUN,hulot,643
NOUN,bénéfice,641
NOUN,glyphosate,641
NOUN,jeu,636
NOUN,centaine,636
NOUN,chance,632
NOUN,démarche,629
NOUN,fermeture,628
NOUN,richesse,627
NOUN,peur,622
NOUN,guerre,621
NOUN,métropole,619
NOUN,soleil,614
NOUN,questionnaire,613
NOUN,géothermie,606
NOUN,c,604
NOUN,vraie,601
NOUN,acte,601
NOUN,saison,601
NOUN,sanction,601
NOUN,avis,601
NOUN,train,600
NOUN,bonus,599
NOUN,tonne,591
NOUN,compétence,591
NOUN,particule,589
NOUN,combustible,589
NOUN,monsieur,586
NOUN,pratique,586
NOUN,maladie,585
NOUN,travers,584
NOUN,preuve,582
NOUN,patrimoine,578
NOUN,rue,577
NOUN,matériau,575
NOUN,recharge,571
NOUN,fusion,571
NOUN,échange,571
NOUN,lithium,570
NOUN,utilisateur,567
NOUN,œuvre,566
NOUN,déforestation,564
NOUN,agglomération,560
NOUN,vis,559
NOUN,poubelle,556
NOUN,billet,555
NOUN,ecologie,553
NOUN,urbain,549
NOUN,histoire,548
NOUN,hybride,546
NOUN,décennie,545
NOUN,début,543
NOUN,dépendance,543
NOUN,bateau,538
NOUN,voyage,535
NOUN,ordre,534
NOUN,rentabilité,527
NOUN,méthanisation,526
NOUN,bois,524
NOUN,démocratie,524
NOUN,télétravail,523
NOUN,frais,522
NOUN,crise,522
NOUN,gramme,520
NOUN,journée,519
NOUN,banque,519
NOUN,parent,519
NOUN,limite,517
NOUN,nettoyage,517
NOUN,transparence,515
NOUN,horaire,515
NOUN,aberration,513
NOUN,transporteur,511
NOUN,prétexte,510
NOUN,promotion,509
NOUN,consomme,509
NOUN,diversité,509
NOUN,médicament,509
NOUN,science,508
NOUN,liste,507
NOUN,confort,505
NOUN,salaire,504
NOUN,polluant,503
NOUN,appel,500
NOUN,pédagogie,499
NOUN,périphérie,498
NOUN,force,497
NOUN,chercheur,495
NOUN,stratégie,494
NOUN,respect,493
NOUN,responsable,490
NOUN,station,490
NOUN,somme,489
NOUN,présence,489
NOUN,essentiel,489
NOUN,dizaine,487
NOUN,expert,486
NOUN,absence,485
NOUN,urbanisme,485
NOUN,sud,482
NOUN,performance,482
NOUN,précaution,479
NOUN,autorisation,478
NOUN,territoire,477
NOUN,habitant,475
NOUN,faute,474
NOUN,solidarité,474
NOUN,indépendance,474
NOUN,auto,469
NOUN,article,468
NOUN,aménagement,468
NOUN,image,466
NOUN,autonome,465
NOUN,recette,464
NOUN,environnementau,464
NOUN,code,463
NOUN,révolution,460
NOUN,centrale,457
NOUN,polluent,457
NOUN,offre,455
NOUN,machine,454
NOUN,dommage,454
NOUN,départ,454
NOUN,occasion,454
NOUN,modification,454
NOUN,garantie,453
NOUN,autorité,453
NOUN,délai,452
NOUN,donnée,448
NOUN,cohérence,444
NOUN,pourcentage,441
NOUN,tête,439
NOUN,élément,436
NOUN,nuit,436
NOUN,réalisation,435
NOUN,conception,434
NOUN,valorisation,434
NOUN,impression,433
NOUN,femme,433
NOUN,unité,433
NOUN,artificialisation,432
NOUN,impôt,431
NOUN,gain,431
NOUN,papier,430
NOUN,planète,428
NOUN,équipement,428
NOUN,contrat,426
NOUN,défense,425
NOUN,vol,425
NOUN,notion,425
NOUN,education,424
NOUN,but,422
NOUN,fond,418
NOUN,change,418
NOUN,meilleur,418
NOUN,compagnie,416
NOUN,moyenne,416
NOUN,sncf,416
NOUN,vacance,415
NOUN,mission,415
NOUN,sol,415
NOUN,bruit,414
NOUN,nation,414
NOUN,arbre,409
NOUN,semaine,408
NOUN,barrage,406
NOUN,marchandise,405
NOUN,analyse,403
NOUN,fret,402
NOUN,température,402
NOUN,abattage,401
NOUN,maire,399
NOUN,foyer,398
NOUN,plaisir,398
NOUN,être,396
NOUN,conclusion,395
NOUN,position,395
NOUN,facture,394
NOUN,toiture,392
NOUN,scandale,391
NOUN,orientation,391
NOUN,outil,390
NOUN,reconversion,389
NOUN,aéroport,389
NOUN,égalité,387
NOUN,institution,386
NOUN,pouvoir,386
NOUN,mondialisation,385
NOUN,influence,384
NOUN,pompe,383
NOUN,souffrance,382
NOUN,main,381
NOUN,minute,381
NOUN,dégradation,381
NOUN,expérience,380
NOUN,participation,379
NOUN,carte,379
NOUN,cycle,378
NOUN,entrée,378
NOUN,représentant,373
NOUN,constat,373
NOUN,mur,371
NOUN,dimanche,369
NOUN,relation,369
NOUN,résidence,369
NOUN,rail,369
NOUN,approche,368
NOUN,mètre,367
NOUN,fonctionnement,367
NOUN,collège,366
NOUN,thème,360
NOUN,avance,360
NOUN,extension,360
NOUN,concret,359
NOUN,beau,357
NOUN,écologique,357
NOUN,urbanisation,356
NOUN,compteur,355
NOUN,client,353
NOUN,sélectif,352
NOUN,opportunité,352
NOUN,gilet,351
NOUN,montant,349
NOUN,catégorie,349
NOUN,évaluation,348
NOUN,option,347
NOUN,message,345
NOUN,dossier,345
NOUN,concentration,344
NOUN,nourriture,344
NOUN,ramassage,343
NOUN,porte,342
NOUN,haute,342
NOUN,matériel,342
NOUN,substance,341
NOUN,chimie,340
NOUN,intervention,338
NOUN,concertation,338
NOUN,membre,338
NOUN,déchetterie,337
NOUN,combat,334
NOUN,consultation,333
NOUN,surpopulation,332
NOUN,palme,332
NOUN,rémunération,331
NOUN,argument,330
NOUN,constitution,329
NOUN,considération,328
NOUN,opération,327
NOUN,police,327
NOUN,zéro,327
NOUN,consomment,325
NOUN,fournisseur,324
NOUN,éleveur,324
NOUN,ge,324
NOUN,travailleur,323
NOUN,destination,323
NOUN,réunion,320
NOUN,contexte,320
NOUN,coeur,319
NOUN,pleine,319
NOUN,multiplication,319
NOUN,démographie,319
NOUN,seuil,318
NOUN,ordinateur,315
NOUN,mégot,315
NOUN,côte,314
NOUN,lien,314
NOUN,vivant,314
NOUN,précarité,314
NOUN,origine,313
NOUN,provenance,312
NOUN,ambition,311
NOUN,vache,311
NOUN,préoccupation,311
NOUN,répartition,310
NOUN,frein,310
NOUN,usine,310
NOUN,climatisation,309
NOUN,futur,308
NOUN,économiquement,308
NOUN,economie,308
NOUN,prévention,306
NOUN,vignette,306
NOUN,encontre,306
NOUN,aspect,305
NOUN,érosion,305
NOUN,capitalisme,304
NOUN,stocker,303
NOUN,tour,302
NOUN,friche,302
NOUN,permanence,301
NOUN,loisir,301
NOUN,destructeur,301
NOUN,réacteur,301
NOUN,progrès,300
NOUN,procédure,300
NOUN,retraite,300
NOUN,suremballage,300
NOUN,extraction,300
NOUN,promoteur,300
NOUN,employé,299
NOUN,arme,298
NOUN,réchauffement,298
NOUN,adaptation,298
NOUN,balance,298
NOUN,exportation,297
NOUN,téléphone,296
NOUN,fonctionnaire,295
NOUN,kilogramme,295
NOUN,commercialisation,295
NOUN,idéologie,295
NOUN,chemin,295
NOUN,carton,294
NOUN,ouverture,294
NOUN,lumière,294
NOUN,matin,293
NOUN,marge,293
NOUN,plante,293
NOUN,pouvon,292
NOUN,législation,292
NOUN,bonheur,291
NOUN,extinction,290
NOUN,biais,290
NOUN,frontière,287
NOUN,bureau,285
NOUN,maillage,284
NOUN,tendance,284
NOUN,chaleur,284
NOUN,document,284
NOUN,dépollution,283
NOUN,enquête,282
NOUN,chaude,278
NOUN,date,278
NOUN,litre,278
NOUN,individu,278
NOUN,déclaration,277
NOUN,flux,277
NOUN,diesel,277
NOUN,agence,276
NOUN,oeil,275
NOUN,course,274
NOUN,baisse,274
NOUN,monsanto,273
NOUN,compétitivité,273
NOUN,progressivement,273
NOUN,annonce,272
NOUN,éolien,271
NOUN,janvier,271
NOUN,restaurant,271
NOUN,combustion,271
NOUN,mutation,271
NOUN,distributeur,271
NOUN,espoir,270
NOUN,soir,269
NOUN,massivement,269
NOUN,emprunt,268
NOUN,forcément,267
NOUN,époque,267
NOUN,volume,267
NOUN,bouchon,267
NOUN,dimension,266
NOUN,réhabilitation,265
NOUN,envie,265
NOUN,difficulté,265
NOUN,direction,265
NOUN,atteinte,265
NOUN,bord,264
NOUN,lorsqu,263
NOUN,explosion,263
NOUN,automobiliste,262
NOUN,rentable,262
NOUN,compensation,261
NOUN,métal,261
NOUN,étiquetage,261
NOUN,paquet,260
NOUN,médecin,259
NOUN,différence,259
NOUN,axe,259
NOUN,intelligence,259
NOUN,défi,259
NOUN,agent,258
NOUN,poste,258
NOUN,surcoût,258
NOUN,conservation,256
NOUN,élection,256
NOUN,mars,255
NOUN,paradigme,255
NOUN,opinion,255
NOUN,terrestre,254
NOUN,importance,253
NOUN,processus,253
NOUN,acquisition,253
NOUN,dette,253
NOUN,victime,253
NOUN,évidence,253
NOUN,propos,253
NOUN,livraison,252
NOUN,numéro,252
NOUN,malus,251
NOUN,université,250
NOUN,parti,249
NOUN,écran,248
NOUN,ampleur,248
NOUN,participe,248
NOUN,chiffre,247
NOUN,croisière,247
NOUN,péage,247
NOUN,régime,247
NOUN,substitution,246
NOUN,sort,245
NOUN,quota,244
NOUN,cap,244
NOUN,exigence,244
NOUN,gratuit,243
NOUN,b,243
NOUN,bâti,243
NOUN,immeuble,243
NOUN,conduite,242
NOUN,mairie,242
NOUN,regard,242
NOUN,parallèle,242
NOUN,liberté,241
NOUN,film,241
NOUN,polluante,240
NOUN,employeur,240
NOUN,immense,240
NOUN,paysan,239
NOUN,existence,238
NOUN,plage,237
NOUN,cellule,237
NOUN,foret,237
NOUN,civilisation,237
NOUN,continuité,237
NOUN,metton,236
NOUN,exception,236
NOUN,profondeur,236
NOUN,oblige,236
NOUN,liaison,236
NOUN,partage,235
NOUN,généralisation,234
NOUN,volet,234
NOUN,totalité,233
NOUN,motorisation,233
NOUN,soin,232
NOUN,batiment,232
NOUN,calcul,232
NOUN,cercle,231
NOUN,disparaître,231
NOUN,chantier,231
NOUN,phase,231
NOUN,pose,230
NOUN,vrac,230
NOUN,mécanisme,230
NOUN,radar,229
NOUN,arrêton,229
NOUN,spéculation,229
NOUN,maltraitance,229
NOUN,enseigne,228
NOUN,neige,228
NOUN,paiement,227
NOUN,référence,226
NOUN,député,226
NOUN,nuisance,226
NOUN,page,225
NOUN,obligatoire,225
NOUN,façon,225
NOUN,vote,224
NOUN,huile,223
NOUN,mandat,223
NOUN,car,222
NOUN,recyclé,222
NOUN,trajet,221
NOUN,onde,221
NOUN,puissant,219
NOUN,mine,219
NOUN,plantation,219
NOUN,instant,218
NOUN,cadre,218
NOUN,coup,218
NOUN,recommandation,217
NOUN,proportion,217
NOUN,allocation,216
NOUN,mérite,216
NOUN,prenon,216
NOUN,monnaie,216
NOUN,maintenance,216
NOUN,composant,215
NOUN,borne,214
NOUN,nord,214
NOUN,endroit,213
NOUN,échéance,213
NOUN,indicateur,213
NOUN,end,213
NOUN,élimination,212
NOUN,payeur,212
NOUN,parking,212
NOUN,trouve,212
NOUN,verte,212
NOUN,facteur,212
NOUN,tarification,212
NOUN,commence,211
NOUN,brevet,211
NOUN,restriction,210
NOUN,minorité,209
NOUN,composition,209
NOUN,feu,208
NOUN,étape,208
NOUN,thorium,208
NOUN,expression,207
NOUN,méthane,207
NOUN,guyane,206
NOUN,manifestation,206
NOUN,courte,206
NOUN,redistribution,205
NOUN,violence,205
NOUN,apprentissage,204
NOUN,couleur,204
NOUN,renouvellement,203
NOUN,exonération,203
NOUN,crée,203
NOUN,fleuve,203
NOUN,inondation,203
NOUN,fiscal,202
NOUN,lobbyiste,202
NOUN,conférence,202
NOUN,rupture,201
NOUN,tgv,201
NOUN,pied,201
NOUN,party,201
NOUN,livre,201
NOUN,note,200
NOUN,pot,200
NOUN,survie,200
NOUN,faite,199
NOUN,pointe,199
NOUN,corps,198
NOUN,bretagne,198
NOUN,droite,198
NOUN,mer,198
NOUN,cuisine,197
NOUN,désertification,197
NOUN,productivité,196
NOUN,millier,196
NOUN,toilette,196
NOUN,utilité,195
NOUN,leçon,195
NOUN,parole,195
NOUN,soutien,195
NOUN,uranium,195
NOUN,pierre,195
NOUN,prolifération,193
NOUN,municipalité,193
NOUN,intermédiaire,193
NOUN,dérogation,193
NOUN,phénomène,192
NOUN,vehicule,192
NOUN,taxant,192
NOUN,gratuite,191
NOUN,foncier,191
NOUN,seron,191
NOUN,mette,191
NOUN,surveillance,191
NOUN,paie,191
NOUN,mal,191
NOUN,régulation,191
NOUN,réaction,191
NOUN,chimique,190
NOUN,natalité,190
NOUN,fréquence,189
NOUN,dangerosité,188
NOUN,coopération,188
NOUN,développon,188
NOUN,km,188
NOUN,fraude,187
NOUN,pôle,187
NOUN,cesse,186
NOUN,chauffer,186
NOUN,optimisation,186
NOUN,convient,185
NOUN,caisse,185
NOUN,province,185
NOUN,imposition,184
NOUN,surproduction,184
NOUN,conteneur,184
NOUN,contenu,184
NOUN,utilison,184
NOUN,instance,183
NOUN,prison,183
NOUN,inaction,183
NOUN,ceta,183
NOUN,définition,182
NOUN,engin,182
NOUN,continent,182
NOUN,veille,182
NOUN,passoire,182
NOUN,explication,182
NOUN,investisseur,181
NOUN,efficace,181
NOUN,décembre,180
NOUN,aviation,180
NOUN,fission,180
NOUN,insecticide,180
NOUN,exemplarité,180
NOUN,lotissement,180
NOUN,comité,179
NOUN,tension,179
NOUN,moto,179
NOUN,performant,179
NOUN,pensent,179
NOUN,jeunesse,178
NOUN,lettre,178
NOUN,chaudière,178
NOUN,densité,178
NOUN,mot,178
NOUN,télévision,177
NOUN,opposition,177
NOUN,français,177
NOUN,marque,176
NOUN,gasoil,176
NOUN,geste,176
NOUN,fait,176
NOUN,laisson,176
NOUN,devon,176
NOUN,adulte,175
NOUN,communauté,174
NOUN,chat,174
NOUN,appartement,173
NOUN,voulon,173
NOUN,hydroélectricité,173
NOUN,construit,172
NOUN,mouvement,172
NOUN,équité,172
NOUN,incidence,171
NOUN,survivre,171
NOUN,augmentent,171
NOUN,compostage,171
NOUN,aluminium,171
NOUN,détail,171
NOUN,bras,171
NOUN,solaire,170
NOUN,conviction,170
NOUN,garde,170
NOUN,autoconsommation,170
NOUN,février,170
NOUN,inversion,170
NOUN,assurance,169
NOUN,fasse,169
NOUN,infinie,169
NOUN,photo,169
NOUN,ingénieur,169
NOUN,marine,169
NOUN,évasion,169
NOUN,couvert,169
NOUN,arrosage,169
NOUN,détriment,169
NOUN,adhésion,169
NOUN,décentralisation,169
NOUN,mobilisation,169
NOUN,parcouru,168
NOUN,herbicide,168
NOUN,semence,168
NOUN,boîte,168
NOUN,parlement,168
NOUN,migration,167
NOUN,profession,167
NOUN,scientifique,166
NOUN,comprend,166
NOUN,produite,166
NOUN,suivie,166
NOUN,conducteur,165
NOUN,contradiction,165
NOUN,conformité,165
NOUN,fenêtre,165
NOUN,négociation,164
NOUN,consommon,164
NOUN,remboursement,164
NOUN,existant,163
NOUN,visibilité,163
NOUN,métro,163
NOUN,compétition,162
NOUN,faim,162
NOUN,douche,162
NOUN,décret,162
NOUN,privatisation,162
NOUN,danger,161
NOUN,dissuasive,161
NOUN,inégalité,161
NOUN,magasin,160
NOUN,hausse,160
NOUN,concours,160
NOUN,denrée,160
NOUN,atelier,160
NOUN,rêve,160
NOUN,immigration,159
NOUN,problématique,159
NOUN,intégration,158
NOUN,agisson,158
NOUN,potager,158
NOUN,fort,158
NOUN,conflit,157
NOUN,média,157
NOUN,assainissement,157
NOUN,souhaiterai,157
NOUN,alimentaire,157
NOUN,x,156
NOUN,porteur,156
NOUN,impasse,156
NOUN,attribution,156
NOUN,composteur,156
NOUN,agroécologie,156
NOUN,règlementation,155
NOUN,fine,155
NOUN,retard,155
NOUN,excès,155
NOUN,electricité,155
NOUN,préfet,155
NOUN,cage,155
NOUN,fer,154
NOUN,juillet,154
NOUN,synthèse,154
NOUN,fuite,153
NOUN,pénurie,153
NOUN,ami,153
NOUN,théorie,153
NOUN,ouvrage,153
NOUN,revanche,152
NOUN,e,152
NOUN,obligé,151
NOUN,adoption,150
NOUN,gazole,150
NOUN,déduction,150
NOUN,étudiant,150
NOUN,gamme,150
NOUN,perdu,150
NOUN,facile,150
NOUN,vocation,150
NOUN,mentalité,149
NOUN,gratuitement,149
NOUN,convention,149
NOUN,abus,148
NOUN,dechet,148
NOUN,syndicat,148
NOUN,texte,148
NOUN,instauration,148
NOUN,conditionnement,148
NOUN,public,148
NOUN,industrialisation,148
NOUN,tourisme,147
NOUN,gouvernance,147
NOUN,implication,147
NOUN,discussion,147
NOUN,connaitre,147
NOUN,citadin,146
NOUN,voit,146
NOUN,préférence,146
NOUN,toit,146
NOUN,habitude,146
NOUN,planification,146
NOUN,modeste,146
NOUN,fourrure,146
NOUN,échec,146
NOUN,ère,146
NOUN,programmation,146
NOUN,civil,145
NOUN,ours,145
NOUN,reprise,145
NOUN,établissement,145
NOUN,gagnant,144
NOUN,ferré,144
NOUN,complexité,144
NOUN,refus,144
NOUN,pièce,144
NOUN,accélération,143
NOUN,punition,143
NOUN,expansion,143
NOUN,densification,143
NOUN,apport,142
NOUN,caméra,142
NOUN,pénalité,142
NOUN,décideur,142
NOUN,parlon,142
NOUN,afficher,142
NOUN,automobile,142
NOUN,reconnaissance,141
NOUN,chaine,141
NOUN,cherche,141
NOUN,prestation,141
NOUN,cour,141
NOUN,chômage,140
NOUN,arrière,140
NOUN,mange,140
NOUN,chambre,140
NOUN,attitude,139
NOUN,loup,139
NOUN,facilité,139
NOUN,vide,139
NOUN,bombe,139
NOUN,rythme,139
NOUN,religion,139
NOUN,assemblée,139
NOUN,épandage,138
NOUN,sentiment,137
NOUN,cotisation,137
NOUN,commerçant,137
NOUN,appareil,137
NOUN,novembre,137
NOUN,adaptée,136
NOUN,enseignement,136
NOUN,simplification,136
NOUN,jusqu,136
NOUN,voix,135
NOUN,propulsion,135
NOUN,épuration,135
NOUN,répression,135
NOUN,durabilité,135
NOUN,vertueuse,135
NOUN,hlm,134
NOUN,exposition,134
NOUN,résumé,134
NOUN,illusion,134
NOUN,économe,134
NOUN,cheval,134
NOUN,couple,134
NOUN,choc,134
NOUN,rouge,134
NOUN,prédateur,134
NOUN,contrepartie,133
NOUN,piéton,133
NOUN,chef,133
NOUN,goût,133
NOUN,future,133
NOUN,reproduction,133
NOUN,acceptation,133
NOUN,suppose,133
NOUN,vente,132
NOUN,faison,132
NOUN,suggestion,132
NOUN,océan,132
NOUN,naissance,132
NOUN,dépôt,132
NOUN,t,132
NOUN,absurdité,132
NOUN,intégralité,132
NOUN,acheteur,131
NOUN,réparable,131
NOUN,disponibilité,131
NOUN,levier,131
NOUN,presse,131
NOUN,contrevenant,131
NOUN,flore,130
NOUN,intention,130
NOUN,cité,130
NOUN,respectueuse,130
NOUN,accueil,130
NOUN,industriel,130
NOUN,inverse,130
NOUN,fraternité,130
NOUN,stock,130
NOUN,tranche,129
NOUN,écart,129
NOUN,exploitant,129
NOUN,ciel,129
NOUN,assiette,129
NOUN,externalité,129
NOUN,raisonnée,129
NOUN,relance,128
NOUN,quasi,128
NOUN,dense,128
NOUN,trie,128
NOUN,traçabilité,128
NOUN,chute,128
NOUN,excellence,127
NOUN,succès,127
NOUN,écotaxe,127
NOUN,ecole,127
NOUN,enfance,126
NOUN,virage,126
NOUN,seine,125
NOUN,génère,125
NOUN,chantage,125
NOUN,robinet,125
NOUN,centime,125
NOUN,jette,125
NOUN,paix,125
NOUN,diffusion,125
NOUN,sauvegarde,124
NOUN,certificat,124
NOUN,révision,124
NOUN,représentation,124
NOUN,capteur,124
NOUN,affichage,123
NOUN,coupe,123
NOUN,chômeur,123
NOUN,amène,123
NOUN,légume,123
NOUN,contact,123
NOUN,quinquennat,123
NOUN,électrolyse,123
NOUN,vérité,123
NOUN,inconvénient,122
NOUN,harmonie,122
NOUN,utilise,122
NOUN,assistance,122
NOUN,émergence,122
NOUN,calendrier,122
NOUN,gadget,121
NOUN,obsolète,121
NOUN,forage,121
NOUN,vertu,120
NOUN,couche,120
NOUN,traite,120
NOUN,vert,120
NOUN,hydroélectrique,119
NOUN,champion,119
NOUN,gabegie,119
NOUN,affecté,119
NOUN,coûteuse,119
NOUN,garage,119
NOUN,académie,119
NOUN,vendeur,119
NOUN,tomate,118
NOUN,quotidien,118
NOUN,actionnaire,118
NOUN,partenariat,118
NOUN,mensonge,118
NOUN,insecte,118
NOUN,radioactivité,118
NOUN,consommé,117
NOUN,paille,117
NOUN,lobbying,117
NOUN,ouvrier,117
NOUN,autoroutier,117
NOUN,rapide,116
NOUN,accumulation,116
NOUN,vitrage,116
NOUN,don,116
NOUN,miracle,116
NOUN,végétation,116
NOUN,performante,116
NOUN,concession,115
NOUN,abolition,115
NOUN,chaîne,115
NOUN,ruralité,115
NOUN,agroforesterie,115
NOUN,introduction,115
NOUN,long,114
NOUN,jardinage,114
NOUN,sein,114
NOUN,motivation,114
NOUN,courrier,114
NOUN,exercice,114
NOUN,trottoir,114
NOUN,vise,114
NOUN,bonnet,113
NOUN,revenon,113
NOUN,abandon,113
NOUN,p,113
NOUN,absurde,112
NOUN,libéralisme,112
NOUN,conscient,112
NOUN,version,112
NOUN,créateur,112
NOUN,délit,112
NOUN,br,112
NOUN,compréhension,111
NOUN,élève,111
NOUN,office,111
NOUN,fleur,111
NOUN,plafond,111
NOUN,versement,110
NOUN,samedi,110
NOUN,exploité,110
NOUN,procédé,110
NOUN,hectare,110
NOUN,décès,109
NOUN,mercredi,109
NOUN,penson,109
NOUN,investi,109
NOUN,déplacer,109
NOUN,reduction,109
NOUN,déchèterie,109
NOUN,corruption,109
NOUN,passager,108
NOUN,cost,108
NOUN,dégât,108
NOUN,modernisation,108
NOUN,italie,108
NOUN,fédération,108
NOUN,stérilisation,108
NOUN,menace,107
NOUN,équipe,107
NOUN,nocivité,107
NOUN,fracture,107
NOUN,responsabilisation,107
NOUN,météo,107
NOUN,incendie,107
NOUN,continu,107
NOUN,voirie,107
NOUN,envergure,106
NOUN,large,106
NOUN,développant,106
NOUN,made,106
NOUN,impunité,106
NOUN,protéine,106
NOUN,gratuité,106
NOUN,filtre,106
NOUN,piscine,105
NOUN,série,105
NOUN,réintroduction,105
NOUN,donnon,105
NOUN,modalité,105
NOUN,candidat,105
NOUN,pur,105
NOUN,kérosène,105
NOUN,coin,105
NOUN,fabricant,104
NOUN,égard,104
NOUN,utopie,104
NOUN,table,104
NOUN,crédibilité,104
NOUN,boisson,104
NOUN,aval,104
NOUN,rencontre,104
NOUN,remplacement,103
NOUN,elevage,103
NOUN,injection,103
NOUN,cohésion,103
NOUN,compétent,103
NOUN,caractère,103
NOUN,respectent,103
NOUN,transmission,103
NOUN,avancée,102
NOUN,émetteur,102
NOUN,culpabilisation,102
NOUN,plaisance,102
NOUN,transaction,102
NOUN,médecine,102
NOUN,justification,102
NOUN,inefficace,102
NOUN,homéopathie,102
NOUN,escroquerie,101
NOUN,hérésie,101
NOUN,délocalisation,101
NOUN,permette,101
NOUN,tissu,101
NOUN,coton,101
NOUN,perspective,101
NOUN,littoral,100
NOUN,récompense,100
NOUN,pain,100
NOUN,malade,100
NOUN,blocage,100
NOUN,impot,100
NOUN,hygiène,100
NOUN,conséquent,100
NOUN,pertinence,100
NOUN,octobre,100
NOUN,vivre,99
NOUN,instruction,99
NOUN,journal,99
NOUN,moitié,99
NOUN,validation,99
NOUN,incinération,99
NOUN,patron,99
NOUN,démission,99
NOUN,ogm,99
NOUN,courant,99
NOUN,sensibilité,99
NOUN,contributeur,99
NOUN,embouteillage,99
NOUN,tableau,99
NOUN,parcelle,99
NOUN,occupation,98
NOUN,prétendre,98
NOUN,sévèrement,98
NOUN,statut,98
NOUN,dépassement,98
NOUN,sacrifice,98
NOUN,directeur,98
NOUN,mauvais,97
NOUN,lecture,97
NOUN,suède,97
NOUN,étage,97
NOUN,controle,97
NOUN,pétition,97
NOUN,test,97
NOUN,dictature,97
NOUN,maitrise,97
NOUN,possession,97
NOUN,découverte,97
NOUN,silence,97
NOUN,inflation,96
NOUN,visite,96
NOUN,linge,96
NOUN,jet,96
NOUN,revalorisation,96
NOUN,sert,96
NOUN,résilience,96
NOUN,étiquette,96
NOUN,ferroviaire,96
NOUN,surexploitation,96
NOUN,manipulation,96
NOUN,repas,96
NOUN,extérieur,96
NOUN,présentation,96
NOUN,ignorance,96
NOUN,entité,96
NOUN,comparaison,96
NOUN,mail,96
NOUN,gravité,95
NOUN,affectation,95
NOUN,réduit,95
NOUN,consigne,95
NOUN,septembre,95
NOUN,marémotrice,95
NOUN,retenue,95
NOUN,locataire,94
NOUN,prospectus,94
NOUN,harmonisation,94
NOUN,publication,94
NOUN,carrière,94
NOUN,gouvernant,94
NOUN,incohérence,94
NOUN,entrepreneur,94
NOUN,report,94
NOUN,thi,94
NOUN,j,93
NOUN,conseiller,93
NOUN,engie,93
NOUN,associer,93
NOUN,éthanol,93
NOUN,propriété,93
NOUN,personnalité,93
NOUN,desserte,93
NOUN,néonicotinoïde,93
NOUN,saint,93
NOUN,attaque,92
NOUN,transit,92
NOUN,prévision,92
NOUN,infraction,92
NOUN,toxicité,92
NOUN,danemark,92
NOUN,finalité,92
NOUN,taxée,92
NOUN,invention,92
NOUN,dignité,92
NOUN,taxon,92
NOUN,observation,92
NOUN,vent,92
NOUN,autosuffisance,91
NOUN,fortune,91
NOUN,bétonnage,91
NOUN,espérance,91
NOUN,forestier,91
NOUN,piège,91
NOUN,age,91
NOUN,fibre,91
NOUN,publicitaire,91
NOUN,adéquation,91
NOUN,chauffeur,91
NOUN,revue,91
NOUN,mépris,90
NOUN,migrant,90
NOUN,onf,90
NOUN,atome,90
NOUN,banlieue,90
NOUN,dose,90
NOUN,créativité,90
NOUN,formule,90
NOUN,défigurent,90
NOUN,prairie,90
NOUN,laboratoire,90
NOUN,défenseur,90
NOUN,mai,90
NOUN,polystyrène,89
NOUN,attente,89
NOUN,opérateur,89
NOUN,plupart,89
NOUN,collaboration,89
NOUN,tram,89
NOUN,considérablement,89
NOUN,programmée,89
NOUN,sport,88
NOUN,satisfaction,88
NOUN,relocalisation,88
NOUN,produire,88
NOUN,airbus,88
NOUN,marre,88
NOUN,superficie,88
NOUN,kilométrage,88
NOUN,ingrédient,88
NOUN,dédié,88
NOUN,entraine,88
NOUN,creation,88
NOUN,dégage,88
NOUN,inertie,88
NOUN,démarrage,87
NOUN,support,87
NOUN,événement,87
NOUN,lance,87
NOUN,solde,87
NOUN,reforestation,87
NOUN,ménager,87
NOUN,certification,87
NOUN,vallée,86
NOUN,créon,86
NOUN,vidéo,86
NOUN,parcourue,86
NOUN,arbitrage,86
NOUN,promesse,86
NOUN,regardon,86
NOUN,indemnité,86
NOUN,intelligemment,86
NOUN,dangereuse,86
NOUN,mme,86
NOUN,patient,86
NOUN,revendication,86
NOUN,dissuasion,86
NOUN,douce,86
NOUN,fiabilité,86
NOUN,stabilité,85
NOUN,cesson,85
NOUN,emission,85
NOUN,chanvre,85
NOUN,raréfaction,85
NOUN,dialogue,85
NOUN,écosystème,85
NOUN,abattoir,85
NOUN,quart,85
NOUN,impossibilité,85
NOUN,casse,85
NOUN,plutonium,85
NOUN,intègre,85
NOUN,mitage,85
NOUN,stade,85
NOUN,horreur,84
NOUN,désir,84
NOUN,occupant,84
NOUN,tradition,84
NOUN,deviendra,84
NOUN,devient,84
NOUN,ineptie,84
NOUN,réforme,84
NOUN,neutralité,84
NOUN,relève,84
NOUN,massacre,84
NOUN,indemnisation,84
NOUN,permettra,84
NOUN,feron,84
NOUN,densifier,84
NOUN,incapacité,84
NOUN,grace,83
NOUN,cerveau,83
NOUN,rivière,83
NOUN,anticipation,83
NOUN,régression,83
NOUN,consumérisme,83
NOUN,caractéristique,83
NOUN,renard,83
NOUN,philosophie,83
NOUN,fondation,83
NOUN,faiblesse,83
NOUN,goutte,82
NOUN,bouteille,82
NOUN,rachat,82
NOUN,boulot,82
NOUN,allemagne,82
NOUN,famine,82
NOUN,égoïsme,82
NOUN,scénario,82
NOUN,contraignante,82
NOUN,séparation,82
NOUN,pérenne,82
NOUN,partenaire,82
NOUN,avril,82
NOUN,coordination,81
NOUN,supermarché,81
NOUN,tarif,81
NOUN,region,81
NOUN,info,81
NOUN,livret,81
NOUN,géant,81
NOUN,pérennité,81
NOUN,dioxyde,81
NOUN,regroupement,81
NOUN,poursuite,81
NOUN,trouble,81
NOUN,juin,80
NOUN,enseignant,80
NOUN,nez,80
NOUN,navigation,80
NOUN,intermittence,80
NOUN,réduite,80
NOUN,renault,79
NOUN,isolant,79
NOUN,couteuse,79
NOUN,sentent,79
NOUN,nutrition,79
NOUN,filet,79
NOUN,demi,79
NOUN,végétalisation,79
NOUN,impulsion,79
NOUN,import,79
NOUN,retraité,79
NOUN,exclure,79
NOUN,maître,79
NOUN,variété,79
NOUN,ouest,78
NOUN,dynamique,78
NOUN,tchernobyl,78
NOUN,mixité,78
NOUN,pourrion,78
NOUN,réparabilité,78
NOUN,ong,78
NOUN,polution,78
NOUN,détermination,78
NOUN,progression,78
NOUN,bocage,78
NOUN,connexion,77
NOUN,fournie,77
NOUN,civisme,77
NOUN,monument,77
NOUN,reseau,77
NOUN,probleme,76
NOUN,mortalité,76
NOUN,flotte,76
NOUN,insertion,76
NOUN,bétonisation,76
NOUN,ozone,76
NOUN,bénéficiaire,76
NOUN,lumineuse,76
NOUN,supérieur,76
NOUN,revenu,75
NOUN,ruine,75
NOUN,contribuent,75
NOUN,détention,75
NOUN,pension,75
NOUN,radical,75
NOUN,cm,75
NOUN,lourde,75
NOUN,circulent,75
NOUN,exploration,75
NOUN,redevance,75
NOUN,auteur,75
NOUN,paquebot,74
NOUN,gafa,74
NOUN,style,74
NOUN,arrivée,74
NOUN,firme,74
NOUN,réaliste,74
NOUN,lave,74
NOUN,vigueur,74
NOUN,you,74
NOUN,luxe,73
NOUN,récupérateur,73
NOUN,facturation,73
NOUN,dingue,73
NOUN,locomotion,73
NOUN,dérèglement,73
NOUN,désinformation,73
NOUN,désastre,73
NOUN,hypermarché,73
NOUN,hormone,73
NOUN,autopartage,73
NOUN,habite,73
NOUN,remplie,73
NOUN,annexe,73
NOUN,mw,73
NOUN,corrida,73
NOUN,historique,72
NOUN,mutualisation,72
NOUN,saturation,72
NOUN,évènement,72
NOUN,tâche,72
NOUN,monopole,72
NOUN,mesurette,72
NOUN,mangeon,72
NOUN,qualification,72
NOUN,otage,72
NOUN,gobelet,71
NOUN,portion,71
NOUN,consignation,71
NOUN,réutilisation,71
NOUN,vierge,71
NOUN,onéreuse,71
NOUN,incivilité,71
NOUN,collecte,71
NOUN,juge,71
NOUN,bouge,71
NOUN,rappel,71
NOUN,cee,71
NOUN,jetable,71
NOUN,démonstration,70
NOUN,tipp,70
NOUN,cice,70
NOUN,défiscalisation,70
NOUN,croyance,70
NOUN,pilotage,70
NOUN,bioéthanol,70
NOUN,détecteur,70
NOUN,riche,70
NOUN,atmosphère,70
NOUN,dollar,70
NOUN,kmh,70
NOUN,frêt,70
NOUN,promeneur,70
NOUN,poudre,70
NOUN,vendu,70
NOUN,résolution,69
NOUN,actualité,69
NOUN,plateforme,69
NOUN,potentiel,69
NOUN,ruisseau,69
NOUN,diversification,69
NOUN,fil,69
NOUN,champ,69
NOUN,productif,69
NOUN,varier,69
NOUN,ordure,69
NOUN,répondu,69
NOUN,spécialiste,69
NOUN,particulière,69
NOUN,encourageon,69
NOUN,container,69
NOUN,électeur,69
NOUN,motrice,69
NOUN,port,69
NOUN,transfert,69
NOUN,comble,69
NOUN,sachet,69
NOUN,imposant,68
NOUN,occurrence,68
NOUN,arrêtez,68
NOUN,gage,68
NOUN,cout,68
NOUN,foi,68
NOUN,confusion,68
NOUN,rapidité,68
NOUN,fumisterie,68
NOUN,distinction,68
NOUN,twh,68
NOUN,logo,68
NOUN,réorientation,68
NOUN,it,68
NOUN,reportage,67
NOUN,revoir,67
NOUN,pis,67
NOUN,perception,67
NOUN,vélo,67
NOUN,dotation,67
NOUN,cargo,67
NOUN,kw,67
NOUN,sénat,67
NOUN,enfouir,67
NOUN,vit,67
NOUN,fille,67
NOUN,génératrice,67
NOUN,wagon,67
NOUN,imperméabilisation,67
NOUN,decision,67
NOUN,cannette,67
NOUN,gare,67
NOUN,tv,66
NOUN,terrain,66
NOUN,privilégie,66
NOUN,pma,66
NOUN,appellation,66
NOUN,faillite,66
NOUN,desservie,65
NOUN,vacant,65
NOUN,directive,65
NOUN,commençon,65
NOUN,arreton,65
NOUN,annulation,65
NOUN,détruire,65
NOUN,serveur,65
NOUN,préfecture,65
NOUN,usa,65
NOUN,août,65
NOUN,passif,65
NOUN,doléance,65
NOUN,copropriété,65
NOUN,ralentisseur,65
NOUN,faisabilité,65
NOUN,brûle,65
NOUN,rechange,65
NOUN,département,65
NOUN,serion,65
NOUN,prêt,64
NOUN,fatigue,64
NOUN,acceptent,64
NOUN,tronçon,64
NOUN,propreté,64
NOUN,doigt,64
NOUN,éthique,64
NOUN,canon,64
NOUN,estimation,64
NOUN,équation,64
NOUN,imagine,64
NOUN,renouvelable,64
NOUN,frustration,64
NOUN,prisonnier,64
NOUN,voyon,64
NOUN,monoculture,64
NOUN,accessibilité,64
NOUN,actif,64
NOUN,plaine,64
NOUN,quartier,64
NOUN,sélection,64
NOUN,douleur,64
NOUN,oil,63
NOUN,armée,63
NOUN,souveraineté,63
NOUN,injustice,63
NOUN,pomme,63
NOUN,ennemi,63
NOUN,dos,63
NOUN,sanglier,63
NOUN,pillage,63
NOUN,favorison,63
NOUN,kérozène,63
NOUN,apporte,63
NOUN,indication,63
NOUN,grosse,63
NOUN,isolement,63
NOUN,localisation,63
NOUN,espece,63
NOUN,projection,63
NOUN,v,63
NOUN,spectacle,63
NOUN,md,63
NOUN,modération,63
NOUN,sûre,62
NOUN,dispersion,62
NOUN,biologie,62
NOUN,navire,62
NOUN,massif,62
NOUN,export,62
NOUN,grenelle,62
NOUN,réserve,62
NOUN,captation,62
NOUN,fonctionne,61
NOUN,contravention,61
NOUN,rayon,61
NOUN,bête,61
NOUN,kwh,61
NOUN,celà,61
NOUN,traffic,61
NOUN,biodiversite,61
NOUN,élévation,61
NOUN,mini,61
NOUN,mère,61
NOUN,apparition,61
NOUN,photovoltaïque,61
NOUN,débouché,61
NOUN,vingtaine,61
NOUN,pêcheur,61
NOUN,maraîchage,60
NOUN,opposant,60
NOUN,entreprendre,60
NOUN,honnête,60
NOUN,parcours,60
NOUN,double,60
NOUN,financer,60
NOUN,verbalisation,60
NOUN,amendement,60
NOUN,enquêteur,60
NOUN,emplacement,60
NOUN,tube,60
NOUN,format,60
NOUN,eclairage,60
NOUN,accessible,60
NOUN,productivisme,60
NOUN,europe,60
NOUN,vapeur,60
NOUN,charte,60
NOUN,décalage,60
NOUN,zero,60
NOUN,debat,60
NOUN,menu,59
NOUN,lot,59
NOUN,stage,59
NOUN,hydrolienne,59
NOUN,bénéficie,59
NOUN,construite,59
NOUN,culturel,59
NOUN,racine,59
NOUN,poule,59
NOUN,nationalisation,59
NOUN,investisson,59
NOUN,contestation,59
NOUN,textile,59
NOUN,distorsion,59
NOUN,ressort,59
NOUN,strict,59
NOUN,participant,59
NOUN,succession,59
NOUN,souhaiton,59
NOUN,division,59
NOUN,biogaz,59
NOUN,péremption,59
NOUN,vend,59
NOUN,déconstruction,59
NOUN,correspondance,59
NOUN,ombre,59
NOUN,changeon,58
NOUN,smic,58
NOUN,hopitau,58
NOUN,acceptabilité,58
NOUN,comprimé,58
NOUN,sodium,58
NOUN,défigure,58
NOUN,niche,58
NOUN,accordé,58
NOUN,puission,58
NOUN,examen,58
NOUN,turbine,58
NOUN,légitimité,58
NOUN,vénerie,58
NOUN,rge,58
NOUN,biosphère,58
NOUN,mélange,58
NOUN,bloc,58
NOUN,pathologie,58
NOUN,lisibilité,57
NOUN,plaque,57
NOUN,écoute,57
NOUN,autobus,57
NOUN,pro,57
NOUN,trolleybus,57
NOUN,petrole,57
NOUN,guichet,57
NOUN,immatriculation,57
NOUN,terrasse,57
NOUN,marquage,57
NOUN,retour,57
NOUN,recyclerie,57
NOUN,contribuable,57
NOUN,val,57
NOUN,lycée,57
NOUN,symbole,57
NOUN,voi,57
NOUN,détruisent,57
NOUN,pénalisation,57
NOUN,just,57
NOUN,neutron,57
NOUN,réalisent,56
NOUN,generation,56
NOUN,désert,56
NOUN,circonstance,56
NOUN,plainte,56
NOUN,glace,56
NOUN,polueur,56
NOUN,edf,56
NOUN,ayon,56
NOUN,inutile,56
NOUN,géré,56
NOUN,individuel,56
NOUN,synergie,56
NOUN,obtention,56
NOUN,ok,56
NOUN,fourniture,56
NOUN,prolongation,56
NOUN,signe,56
NOUN,répercussion,56
NOUN,dématérialisation,56
NOUN,respecte,55
NOUN,plaquette,55
NOUN,gagne,55
NOUN,procès,55
NOUN,bénévole,55
NOUN,illustration,55
NOUN,déséquilibre,55
NOUN,gendarmerie,55
NOUN,unanimité,55
NOUN,vivon,55
NOUN,paraît,55
NOUN,marchand,55
NOUN,lavage,55
NOUN,variation,55
NOUN,détérioration,55
NOUN,aimerai,55
NOUN,idiot,55
NOUN,racket,55
NOUN,évacuation,55
NOUN,induit,54
NOUN,radio,54
NOUN,générateur,54
NOUN,dépit,54
NOUN,réalisme,54
NOUN,héritage,54
NOUN,national,54
NOUN,entier,54
NOUN,compost,54
NOUN,exclusion,54
NOUN,trace,54
NOUN,roi,54
NOUN,réservoir,54
NOUN,concrètement,54
NOUN,minière,54
NOUN,alarme,54
NOUN,halte,54
NOUN,etude,54
NOUN,proposon,54
NOUN,total,54
NOUN,revitalisation,54
NOUN,affirmation,54
NOUN,interdison,54
NOUN,électrification,54
NOUN,pavillon,54
NOUN,langue,53
NOUN,cochon,53
NOUN,esprit,53
NOUN,écologiste,53
NOUN,cuivre,53
NOUN,oreille,53
NOUN,république,53
NOUN,incité,53
NOUN,réducteur,53
NOUN,ceinture,53
NOUN,réfection,53
NOUN,notation,53
NOUN,lampe,53
NOUN,alimente,53
NOUN,chinois,53
NOUN,libération,53
NOUN,aspiration,53
NOUN,imposon,53
NOUN,pétrochimie,53
NOUN,café,53
NOUN,cancer,53
NOUN,prévue,53
NOUN,doté,53
NOUN,privée,52
NOUN,connecté,52
NOUN,ramène,52
NOUN,captage,52
NOUN,con,52
NOUN,pelouse,52
NOUN,cspe,52
NOUN,boucle,52
NOUN,camping,52
NOUN,pollinisateur,52
NOUN,nice,52
NOUN,adolescent,52
NOUN,contournement,51
NOUN,défiance,51
NOUN,hypothèse,51
NOUN,pic,51
NOUN,progressivité,51
NOUN,destinée,51
NOUN,outrance,51
NOUN,wifi,51
NOUN,reduire,51
NOUN,berline,51
NOUN,marshall,51
NOUN,cabinet,51
NOUN,cupidité,51
NOUN,bee,51
NOUN,confronté,50
NOUN,méconnaissance,50
NOUN,doctrine,50
NOUN,commencez,50
NOUN,répartie,50
NOUN,douceur,50
NOUN,socialement,50
NOUN,modulation,50
NOUN,présent,50
NOUN,dison,50
NOUN,refaire,50
NOUN,demeure,50
NOUN,appropriation,50
NOUN,scène,50
NOUN,express,50
NOUN,solidaire,50
NOUN,antibiotique,50
NOUN,béton,50
NOUN,génie,50
NOUN,longueur,50
NOUN,pont,50
NOUN,contamination,50
NOUN,gpl,49
NOUN,élaboration,49
NOUN,escient,49
NOUN,exécution,49
NOUN,dénonce,49
NOUN,investisse,49
NOUN,technique,49
NOUN,sauvetage,49
NOUN,déperdition,49
NOUN,montre,49
NOUN,complémentaire,49
NOUN,enfumage,49
NOUN,peau,49
NOUN,indice,49
NOUN,financièrement,49
NOUN,continuon,49
NOUN,cote,49
NOUN,adapté,49
NOUN,printemps,49
NOUN,collaborateur,49
NOUN,vendredi,49
NOUN,disposon,49
NOUN,instar,48
NOUN,crue,48
NOUN,s,48
NOUN,souffle,48
NOUN,réussite,48
NOUN,traité,48
NOUN,obstacle,48
NOUN,dignement,48
NOUN,législateur,48
NOUN,identité,48
NOUN,inefficacité,48
NOUN,énorme,48
NOUN,importateur,48
NOUN,secours,48
NOUN,urbaine,48
NOUN,classement,48
NOUN,piégeage,48
NOUN,braconnage,48
NOUN,rendez,48
NOUN,demandon,48
NOUN,ampoule,48
NOUN,connaisson,48
NOUN,précipitation,48
NOUN,climatiseur,48
NOUN,sondage,48
NOUN,tracteur,48
NOUN,vital,48
NOUN,convaincue,47
NOUN,naître,47
NOUN,professeur,47
NOUN,complémentarité,47
NOUN,relier,47
NOUN,esclavage,47
NOUN,policier,47
NOUN,retrait,47
NOUN,fessenheim,47
NOUN,déplaise,47
NOUN,fragilité,47
NOUN,vaste,47
NOUN,jus,47
NOUN,tirage,47
NOUN,hydro,47
NOUN,ile,47
NOUN,fête,47
NOUN,sévérité,47
NOUN,courbe,47
NOUN,tombe,47
NOUN,supprime,47
NOUN,spécificité,47
NOUN,siège,47
NOUN,issue,47
NOUN,condamnation,47
NOUN,pacte,47
NOUN,fléchage,47
NOUN,min,46
NOUN,supprimon,46
NOUN,bougez,46
NOUN,chapitre,46
NOUN,fraise,46
NOUN,rang,46
NOUN,renfort,46
NOUN,frugalité,46
NOUN,présidence,46
NOUN,fréquentation,46
NOUN,pouce,46
NOUN,fils,46
NOUN,hydrogene,46
NOUN,vérification,46
NOUN,portable,46
NOUN,innocuité,46
NOUN,interaction,46
NOUN,pilote,46
NOUN,minime,46
NOUN,gisement,46
NOUN,souterraine,46
NOUN,ascenseur,46
NOUN,lignite,46
NOUN,claire,46
NOUN,agrochimie,46
NOUN,amour,45
NOUN,raffinage,45
NOUN,désastreuse,45
NOUN,souci,45
NOUN,pluie,45
NOUN,hexagone,45
NOUN,domicile,45
NOUN,consomation,45
NOUN,franchise,45
NOUN,uniformisation,45
NOUN,réorganisation,45
NOUN,vêtement,45
NOUN,réflexe,45
NOUN,déficit,45
NOUN,titane,45
NOUN,pourron,45
NOUN,alerte,45
NOUN,accompagnement,45
NOUN,rigueur,45
NOUN,cadence,45
NOUN,week,45
NOUN,tribunal,45
NOUN,coute,45
NOUN,rendon,45
NOUN,ct,45
NOUN,syndrome,45
NOUN,bouquet,45
NOUN,réduison,44
NOUN,herbe,44
NOUN,encouragé,44
NOUN,rétablissement,44
NOUN,bénévolat,44
NOUN,discutable,44
NOUN,orientée,44
NOUN,retrouvon,44
NOUN,jardinier,44
NOUN,augmente,44
NOUN,reconstruction,44
NOUN,prend,44
NOUN,précision,44
NOUN,appliquon,44
NOUN,sécurisation,44
NOUN,one,44
NOUN,précurseur,44
NOUN,laine,44
NOUN,mets,44
NOUN,hasard,44
NOUN,urge,44
NOUN,baguette,44
NOUN,sphère,44
NOUN,abonnement,44
NOUN,discrimination,44
NOUN,résolument,44
NOUN,bassin,44
NOUN,net,44
NOUN,règlement,43
NOUN,tapis,43
NOUN,cylindrée,43
NOUN,abattu,43
NOUN,connerie,43
NOUN,indirect,43
NOUN,balle,43
NOUN,provence,43
NOUN,inondable,43
NOUN,vidéosurveillance,43
NOUN,glorieuse,43
NOUN,bordure,43
NOUN,prendra,43
NOUN,jouet,43
NOUN,salle,43
NOUN,intéret,43
NOUN,sage,43
NOUN,branche,43
NOUN,libéralisation,43
NOUN,profonde,43
NOUN,commissaire,43
NOUN,cigarette,43
NOUN,absorption,43
NOUN,autruche,43
NOUN,intercommunalité,43
NOUN,fonctionnent,43
NOUN,heurte,43
NOUN,leurre,43
NOUN,coopérative,43
NOUN,cohabitation,43
NOUN,occupe,43
NOUN,antenne,42
NOUN,inscription,42
NOUN,montage,42
NOUN,pétrolier,42
NOUN,collection,42
NOUN,bourse,42
NOUN,process,42
NOUN,coefficient,42
NOUN,prennent,42
NOUN,lit,42
NOUN,galerie,42
NOUN,végétal,42
NOUN,bétail,42
NOUN,préemption,42
NOUN,exemption,42
NOUN,insécurité,42
NOUN,irresponsabilité,42
NOUN,défaut,42
NOUN,interconnexion,42
NOUN,périphérique,42
NOUN,rt,42
NOUN,freine,42
NOUN,basée,42
NOUN,entière,42
NOUN,obésité,42
NOUN,bactérie,42
NOUN,démolition,42
NOUN,méthodologie,42
NOUN,maturité,42
NOUN,avancement,42
NOUN,l,42
NOUN,demarche,42
NOUN,rapprochement,42
NOUN,respiron,42
NOUN,ralentissement,42
NOUN,tonnage,41
NOUN,freinage,41
NOUN,fumée,41
NOUN,dispositif,41
NOUN,culpabilité,41
NOUN,meuble,41
NOUN,franc,41
NOUN,abrogation,41
NOUN,tort,41
NOUN,prête,41
NOUN,carrefour,41
NOUN,inclusion,41
NOUN,discipline,41
NOUN,contraception,41
NOUN,fondement,41
NOUN,écrite,41
NOUN,normandie,41
NOUN,inventeur,41
NOUN,arnaque,41
NOUN,importé,41
NOUN,montagne,41
NOUN,paradis,41
NOUN,minuit,41
NOUN,panne,41
NOUN,ajustement,41
NOUN,reconnu,41
NOUN,cogénération,41
NOUN,know,41
NOUN,papillon,41
NOUN,anah,41
NOUN,chaufferie,40
NOUN,rugy,40
NOUN,essaye,40
NOUN,photosynthèse,40
NOUN,gazoil,40
NOUN,saccage,40
NOUN,excédent,40
NOUN,religieux,40
NOUN,traversent,40
NOUN,passeport,40
NOUN,épanouissement,40
NOUN,ravage,40
NOUN,impose,40
NOUN,expertise,40
NOUN,délégation,40
NOUN,aggravation,40
NOUN,supercherie,40
NOUN,brigade,40
NOUN,smartphone,40
NOUN,exposé,40
NOUN,dégradent,40
NOUN,convergence,40
NOUN,roissy,40
NOUN,chien,40
NOUN,capital,40
NOUN,démagogie,40
NOUN,prestataire,40
NOUN,renovation,40
NOUN,remplacée,40
NOUN,agroalimentaire,40
NOUN,fluidité,40
NOUN,attraction,40
NOUN,domination,40
NOUN,électrique,39
NOUN,barrière,39
NOUN,rubrique,39
NOUN,viabilité,39
NOUN,gabarit,39
NOUN,bienveillance,39
NOUN,épicerie,39
NOUN,davantage,39
NOUN,considère,39
NOUN,castration,39
NOUN,boite,39
NOUN,causé,39
NOUN,persécution,39
NOUN,consortium,39
NOUN,intérieure,39
NOUN,activement,39
NOUN,clause,39
NOUN,mineur,39
NOUN,signature,39
NOUN,rendu,39
NOUN,européen,39
NOUN,sucre,39
NOUN,bail,39
NOUN,humilité,39
NOUN,prisme,38
NOUN,sante,38
NOUN,dégazage,38
NOUN,cumul,38
NOUN,poulet,38
NOUN,bruyante,38
NOUN,financée,38
NOUN,boeuf,38
NOUN,identification,38
NOUN,dogmatisme,38
NOUN,gâteau,38
NOUN,challenge,38
NOUN,prometteur,38
NOUN,casseur,38
NOUN,délivrance,38
NOUN,écouton,38
NOUN,volontarisme,38
NOUN,indécent,38
NOUN,socle,38
NOUN,déterrage,38
NOUN,coupure,38
NOUN,allongement,38
NOUN,répétition,38
NOUN,limitrophe,38
NOUN,four,38
NOUN,savon,38
NOUN,préférable,38
NOUN,aurion,38
NOUN,soumission,38
NOUN,multitude,38
NOUN,indispensable,38
NOUN,brûlage,38
NOUN,caution,38
NOUN,module,38
NOUN,sommet,38
NOUN,fraction,38
NOUN,banni,38
NOUN,atout,38
NOUN,surgénérateur,38
NOUN,armateur,38
NOUN,vigilance,38
NOUN,dogme,38
NOUN,disparu,38
NOUN,introduit,38
NOUN,inquiétude,38
NOUN,sommeil,38
NOUN,mascarade,37
NOUN,seconde,37
NOUN,condensation,37
NOUN,espagnol,37
NOUN,détection,37
NOUN,molécule,37
NOUN,oppose,37
NOUN,insupportable,37
NOUN,réemploi,37
NOUN,appuie,37
NOUN,all,37
NOUN,handicap,37
NOUN,détruite,37
NOUN,cadeau,37
NOUN,devenu,37
NOUN,gavage,37
NOUN,colza,37
NOUN,déjection,37
NOUN,facilitation,37
NOUN,efficience,37
NOUN,poison,37
NOUN,fermée,37
NOUN,domaniale,37
NOUN,hoc,37
NOUN,plat,37
NOUN,moderne,37
NOUN,protocole,37
NOUN,cent,37
NOUN,motif,37
NOUN,art,37
NOUN,hypocrite,36
NOUN,téléphonie,36
NOUN,fixation,36
NOUN,régénération,36
NOUN,espéron,36
NOUN,tranquille,36
NOUN,surprenant,36
NOUN,cultivateur,36
NOUN,protégeon,36
NOUN,complicité,36
NOUN,contradictoire,36
NOUN,fixe,36
NOUN,librement,36
NOUN,demandé,36
NOUN,homologation,36
NOUN,cabotage,36
NOUN,boue,36
NOUN,millimètre,36
NOUN,manche,36
NOUN,injonction,36
NOUN,rance,36
NOUN,vétuste,36
NOUN,perturbation,36
NOUN,inacceptable,36
NOUN,mémoire,36
NOUN,honneur,36
NOUN,sensation,36
NOUN,bienfait,36
NOUN,eviter,36
NOUN,payon,36
NOUN,trame,36
NOUN,intégrité,36
NOUN,personnel,36
NOUN,choisie,36
NOUN,congestion,36
NOUN,alcool,36
NOUN,rallye,36
NOUN,acquéreur,36
NOUN,protecteur,36
NOUN,nante,36
NOUN,pret,36
NOUN,montpellier,36
NOUN,acce,36
NOUN,have,36
NOUN,oxyde,36
NOUN,tauromachie,36
NOUN,écolier,36
NOUN,talent,36
NOUN,renoncement,36
NOUN,puisqu,35
NOUN,antipollution,35
NOUN,maritime,35
NOUN,épisode,35
NOUN,bleu,35
NOUN,fermeté,35
NOUN,père,35
NOUN,dispose,35
NOUN,pull,35
NOUN,pile,35
NOUN,limiton,35
NOUN,flexibilité,35
NOUN,novateur,35
NOUN,plateau,35
NOUN,alcoolémie,35
NOUN,prudence,35
NOUN,parlementaire,35
NOUN,intensité,35
NOUN,home,35
NOUN,militant,35
NOUN,réception,35
NOUN,faune,35
NOUN,canal,35
NOUN,salon,35
NOUN,secrétaire,35
NOUN,équivalent,35
NOUN,marqueur,35
NOUN,amortissement,35
NOUN,soyon,35
NOUN,fiche,35
NOUN,lointaine,35
NOUN,consequence,35
NOUN,réinsertion,35
NOUN,cheminée,35
NOUN,remplacent,35
NOUN,tabagisme,35
NOUN,vien,35
NOUN,dividende,35
NOUN,gum,35
NOUN,puissante,35
NOUN,fonctionnalité,35
NOUN,commentaire,35
NOUN,no,35
NOUN,are,35
NOUN,mutilation,35
NOUN,moulin,35
NOUN,commande,34
NOUN,salarié,34
NOUN,passion,34
NOUN,anomalie,34
NOUN,permettrai,34
NOUN,cannabis,34
NOUN,remarque,34
NOUN,contrôleur,34
NOUN,section,34
NOUN,label,34
NOUN,bulletin,34
NOUN,climatique,34
NOUN,ttc,34
NOUN,rse,34
NOUN,portée,34
NOUN,renégociation,34
NOUN,enveloppe,34
NOUN,propagation,34
NOUN,signalisation,34
NOUN,verraient,34
NOUN,sociétal,34
NOUN,remetton,34
NOUN,travaillé,34
NOUN,propice,34
NOUN,bâton,34
NOUN,suspension,34
NOUN,immédiat,34
NOUN,croit,34
NOUN,gouffre,34
NOUN,dédiée,34
NOUN,secret,34
NOUN,safer,34
NOUN,vague,34
NOUN,financiarisation,34
NOUN,alternance,34
NOUN,exorbitant,34
NOUN,recyclable,34
NOUN,rappelon,34
NOUN,surprise,34
NOUN,humusation,34
NOUN,rapporte,33
NOUN,barbarie,33
NOUN,fric,33
NOUN,lait,33
NOUN,stress,33
NOUN,insuffisance,33
NOUN,renforcement,33
NOUN,décourage,33
NOUN,avidité,33
NOUN,fondamentale,33
NOUN,tva,33
NOUN,réelle,33
NOUN,vertical,33
NOUN,légalisation,33
NOUN,bancaire,33
NOUN,dévastateur,33
NOUN,obsession,33
NOUN,comptabilité,33
NOUN,arrange,33
NOUN,preservation,33
NOUN,facto,33
NOUN,accession,33
NOUN,critair,33
NOUN,mrd,33
NOUN,aérien,33
NOUN,plastic,33
NOUN,complice,33
NOUN,partisan,33
NOUN,locomotive,33
NOUN,reviendra,33
NOUN,compromis,33
NOUN,avocat,33
NOUN,bonjour,33
NOUN,addiction,33
NOUN,rapprocher,33
NOUN,chèque,33
NOUN,perfusion,33
NOUN,faux,33
NOUN,rédaction,33
NOUN,score,33
NOUN,camionnette,33
NOUN,migrateur,33
NOUN,imagination,33
NOUN,filtration,33
NOUN,revêtement,33
NOUN,frelon,33
NOUN,séance,33
NOUN,interrogation,33
NOUN,descendance,33
NOUN,entraîne,33
NOUN,visioconférence,33
NOUN,etudier,33
NOUN,architecte,33
NOUN,varie,33
NOUN,savoir,33
NOUN,détritus,33
NOUN,allergie,33
NOUN,plate,33
NOUN,right,33
NOUN,they,33
NOUN,blaireau,33
NOUN,disparité,32
NOUN,rotation,32
NOUN,mécanisation,32
NOUN,ecolo,32
NOUN,egalité,32
NOUN,protectionnisme,32
NOUN,alimenté,32
NOUN,n,32
NOUN,innovant,32
NOUN,balcon,32
NOUN,apparence,32
NOUN,améliore,32
NOUN,terrorisme,32
NOUN,touche,32
NOUN,forfaitaire,32
NOUN,blanc,32
NOUN,sécheresse,32
NOUN,anciennement,32
NOUN,déficitaire,32
NOUN,routière,32
NOUN,longévité,32
NOUN,vitrine,32
NOUN,trentaine,32
NOUN,lundi,32
NOUN,environ,32
NOUN,benne,32
NOUN,délinquance,32
NOUN,vielle,32
NOUN,ouverte,32
NOUN,traction,32
NOUN,créée,32
NOUN,copie,32
NOUN,protestation,32
NOUN,business,32
NOUN,réparateur,32
NOUN,traversée,32
NOUN,mangrove,32
NOUN,fuir,32
NOUN,cache,31
NOUN,phytosanitaire,31
NOUN,sorton,31
NOUN,charbon,31
NOUN,raisonnement,31
NOUN,calorie,31
NOUN,gibier,31
NOUN,trésorerie,31
NOUN,ventilation,31
NOUN,humidité,31
NOUN,élite,31
NOUN,manque,31
NOUN,privé,31
NOUN,planétaire,31
NOUN,mondiau,31
NOUN,fixée,31
NOUN,constaton,31
NOUN,vaut,31
NOUN,prédation,31
NOUN,rapace,31
NOUN,ticpe,31
NOUN,energy,31
NOUN,ras,31
NOUN,tablette,31
NOUN,standardisation,31
NOUN,vivrière,31
NOUN,étroite,31
NOUN,sénateur,31
NOUN,lier,31
NOUN,trump,31
NOUN,pauvre,31
NOUN,filtrage,31
NOUN,vaisselle,31
NOUN,préconisation,31
NOUN,lampadaire,31
NOUN,accélérateur,31
NOUN,essai,31
NOUN,ordonnance,31
NOUN,prescription,31
NOUN,salubrité,31
NOUN,productive,31
NOUN,absent,31
NOUN,licence,31
NOUN,mégawatt,31
NOUN,architecture,31
NOUN,foot,31
NOUN,animalerie,31
NOUN,prospection,30
NOUN,favorise,30
NOUN,incompétence,30
NOUN,souhaité,30
NOUN,pérou,30
NOUN,décarbonation,30
NOUN,haricot,30
NOUN,ion,30
NOUN,fluide,30
NOUN,résidu,30
NOUN,professionnel,30
NOUN,enseigné,30
NOUN,mwh,30
NOUN,palette,30
NOUN,tempête,30
NOUN,tech,30
NOUN,objectivité,30
NOUN,camionneur,30
NOUN,saisonnalité,30
NOUN,haine,30
NOUN,dérange,30
NOUN,barème,30
NOUN,territorial,30
NOUN,arrête,30
NOUN,necessaire,30
NOUN,affiché,30
NOUN,baissant,30
NOUN,confiscation,30
NOUN,invasion,30
NOUN,interet,30
NOUN,marée,30
NOUN,nomination,30
NOUN,stoppon,30
NOUN,provoque,30
NOUN,transmutation,30
NOUN,remplissage,30
NOUN,rétention,30
NOUN,incinérateur,30
NOUN,manquon,30
NOUN,greta,30
NOUN,collusion,30
NOUN,homogène,30
NOUN,csg,29
NOUN,carénage,29
NOUN,désenclavement,29
NOUN,amazone,29
NOUN,mince,29
NOUN,pourvoyeur,29
NOUN,préparation,29
NOUN,onu,29
NOUN,mature,29
NOUN,choisir,29
NOUN,étoile,29
NOUN,ménagère,29
NOUN,berge,29
NOUN,brésil,29
NOUN,configuration,29
NOUN,saupoudrage,29
NOUN,régie,29
NOUN,chicago,29
NOUN,accidentogène,29
NOUN,pollué,29
NOUN,bcp,29
NOUN,hôtel,29
NOUN,penche,29
NOUN,argentine,29
NOUN,passon,29
NOUN,controler,29
NOUN,fléau,29
NOUN,pompier,29
NOUN,décollage,29
NOUN,broyage,29
NOUN,délétère,29
NOUN,gastronomie,29
NOUN,prosélytisme,29
NOUN,quinzaine,29
NOUN,phytothérapie,29
NOUN,reconstitution,29
NOUN,éradication,29
NOUN,guère,29
NOUN,rural,29
NOUN,why,29
NOUN,utile,29
NOUN,surtaxation,29
NOUN,mixte,29
NOUN,up,29
NOUN,club,29
NOUN,vice,28
NOUN,granulé,28
NOUN,start,28
NOUN,scandinavie,28
NOUN,démuni,28
NOUN,reflexion,28
NOUN,eolienne,28
NOUN,soucier,28
NOUN,chomage,28
NOUN,resource,28
NOUN,efficient,28
NOUN,concert,28
NOUN,blabla,28
NOUN,renationalisation,28
NOUN,electrique,28
NOUN,berre,28
NOUN,magistrat,28
NOUN,bravo,28
NOUN,revivre,28
NOUN,evolution,28
NOUN,graisse,28
NOUN,extraire,28
NOUN,russe,28
NOUN,réindustrialisation,28
NOUN,grise,28
NOUN,convoi,28
NOUN,extrême,28
NOUN,lutton,28
NOUN,cruauté,28
NOUN,essayon,28
NOUN,piscicole,28
NOUN,aimer,28
NOUN,régularité,28
NOUN,incertitude,28
NOUN,marseille,28
NOUN,hangar,28
NOUN,enorme,28
NOUN,amélioré,28
NOUN,maraicher,28
NOUN,générée,28
NOUN,dénucléarisation,28
NOUN,deplacement,28
NOUN,édition,28
NOUN,emprise,28
NOUN,unifier,28
NOUN,horizon,28
NOUN,carrosserie,28
NOUN,accroît,28
NOUN,considèrent,28
NOUN,mat,28
NOUN,soirée,28
NOUN,conventionnel,28
NOUN,dieu,28
NOUN,bac,28
NOUN,cherchon,28
NOUN,systeme,28
NOUN,fatalité,28
NOUN,jouent,28
NOUN,jeté,28
NOUN,aptitude,28
NOUN,max,28
NOUN,boulangerie,28
NOUN,énérgie,28
NOUN,ponction,28
NOUN,what,28
NOUN,laissent,28
NOUN,extérieure,28
NOUN,préleveur,28
NOUN,extrait,27
NOUN,football,27
NOUN,hydrocarbure,27
NOUN,formalité,27
NOUN,rat,27
NOUN,démocratisation,27
NOUN,réservation,27
NOUN,vendent,27
NOUN,positivement,27
NOUN,ballon,27
NOUN,représenton,27
NOUN,sollicité,27
NOUN,fiction,27
NOUN,vitre,27
NOUN,géographie,27
NOUN,pertinent,27
NOUN,fertilité,27
NOUN,finie,27
NOUN,dise,27
NOUN,corrélation,27
NOUN,dechetterie,27
NOUN,évité,27
NOUN,mammifère,27
NOUN,role,27
NOUN,appât,27
NOUN,subsidiarité,27
NOUN,chargeur,27
NOUN,diésel,27
NOUN,cerise,27
NOUN,désagrément,27
NOUN,cendrier,27
NOUN,animation,27
NOUN,cadarache,27
NOUN,raffinerie,27
NOUN,colline,27
NOUN,rituel,27
NOUN,dépassé,27
NOUN,abattre,27
NOUN,modernité,27
NOUN,active,27
NOUN,orléan,27
NOUN,crotte,27
NOUN,allez,27
NOUN,fiscalisation,27
NOUN,areva,27
NOUN,parquet,27
NOUN,tournant,27
NOUN,investigation,27
NOUN,idee,27
NOUN,trajectoire,27
NOUN,audience,27
NOUN,carotte,27
NOUN,reston,27
NOUN,ve,27
NOUN,do,27
NOUN,apl,27
NOUN,soumise,27
NOUN,ppe,27
NOUN,minoritaire,27
NOUN,refuge,27
NOUN,stabilisation,26
NOUN,patte,26
NOUN,francaise,26
NOUN,ticket,26
NOUN,admis,26
NOUN,effectif,26
NOUN,pèsent,26
NOUN,fonte,26
NOUN,détaxé,26
NOUN,amazonie,26
NOUN,aventure,26
NOUN,impacté,26
NOUN,progressif,26
NOUN,détenteur,26
NOUN,entoure,26
NOUN,chronique,26
NOUN,irrigation,26
NOUN,citerne,26
NOUN,perturbateur,26
NOUN,respecton,26
NOUN,hameau,26
NOUN,manifestant,26
NOUN,fleurissent,26
NOUN,durcissement,26
NOUN,teletravail,26
NOUN,redynamisation,26
NOUN,secrétariat,26
NOUN,hiérarchie,26
NOUN,donneur,26
NOUN,abondance,26
NOUN,ressentie,26
NOUN,réduise,26
NOUN,produison,26
NOUN,disant,26
NOUN,vecteur,26
NOUN,mr,26
NOUN,es,26
NOUN,bovine,26
NOUN,concepteur,26
NOUN,installateur,26
NOUN,capitalisation,26
NOUN,jaune,26
NOUN,mène,26
NOUN,relèvement,26
NOUN,incompréhension,26
NOUN,descendant,26
NOUN,arrivon,26
NOUN,appréciation,26
NOUN,cession,26
NOUN,philosophe,26
NOUN,émotion,26
NOUN,végétale,26
NOUN,céréalier,26
NOUN,gigawatt,26
NOUN,directrice,26
NOUN,gonesse,26
NOUN,suspicion,26
NOUN,arrêté,26
NOUN,biodégradable,26
NOUN,fromage,26
NOUN,hiver,26
NOUN,apparaitre,26
NOUN,visionnaire,26
NOUN,séisme,26
NOUN,agression,25
NOUN,indexée,25
NOUN,rallonge,25
NOUN,alibi,25
NOUN,tache,25
NOUN,certitude,25
NOUN,bagnole,25
NOUN,impérativement,25
NOUN,adhérent,25
NOUN,délicat,25
NOUN,ratio,25
NOUN,escroc,25
NOUN,substitut,25
NOUN,ethanol,25
NOUN,moralité,25
NOUN,tergiversation,25
NOUN,haro,25
NOUN,privilégion,25
NOUN,relais,25
NOUN,ete,25
NOUN,fédérateur,25
NOUN,halal,25
NOUN,destin,25
NOUN,fiscalement,25
NOUN,pharmacie,25
NOUN,stationnement,25
NOUN,torture,25
NOUN,energivore,25
NOUN,accroissement,25
NOUN,diminuon,25
NOUN,attentat,25
NOUN,souhaite,25
NOUN,renouveau,25
NOUN,dynamisme,25
NOUN,stupidité,25
NOUN,modele,25
NOUN,émulation,25
NOUN,édifice,25
NOUN,autriche,25
NOUN,transparent,25
NOUN,epr,25
NOUN,inutilité,25
NOUN,crève,25
NOUN,minerai,25
NOUN,organe,25
NOUN,reparation,25
NOUN,aquitaine,25
NOUN,refonte,25
NOUN,exigeon,25
NOUN,diktat,25
NOUN,chocolat,25
NOUN,restructuration,25
NOUN,collègue,25
NOUN,rocade,25
NOUN,bouche,25
NOUN,urine,25
NOUN,éveil,25
NOUN,ruche,25
NOUN,opacité,25
NOUN,sacro,25
NOUN,visuel,25
NOUN,simulation,25
NOUN,apprenti,25
NOUN,coercition,25
NOUN,radiation,25
NOUN,fourchette,25
NOUN,herboristerie,25
NOUN,mortel,25
NOUN,fardeau,24
NOUN,handicapé,24
NOUN,oxygène,24
NOUN,enfoui,24
NOUN,rive,24
NOUN,maîtrise,24
NOUN,prétention,24
NOUN,légitime,24
NOUN,falloir,24
NOUN,électorat,24
NOUN,technocrate,24
NOUN,mécanique,24
NOUN,échelon,24
NOUN,simplicité,24
NOUN,fashion,24
NOUN,intelligent,24
NOUN,levée,24
NOUN,prie,24
NOUN,fusil,24
NOUN,créatif,24
NOUN,lorgnette,24
NOUN,hyperloop,24
NOUN,globalisation,24
NOUN,champignon,24
NOUN,sobre,24
NOUN,relâche,24
NOUN,hérisson,24
NOUN,pseudo,24
NOUN,polyculture,24
NOUN,recycle,24
NOUN,aude,24
NOUN,amelioration,24
NOUN,appartenance,24
NOUN,convivialité,24
NOUN,livreur,24
NOUN,transforme,24
NOUN,ajoute,24
NOUN,automatiquement,24
NOUN,infiltration,24
NOUN,index,24
NOUN,démunie,24
NOUN,algérie,24
NOUN,rome,24
NOUN,existante,24
NOUN,portail,24
NOUN,stigmatisation,24
NOUN,diplôme,24
NOUN,justifient,24
NOUN,affichent,24
NOUN,cash,24
NOUN,dépose,24
NOUN,témoignage,24
NOUN,conditionnée,24
NOUN,voiturage,24
NOUN,compatibilité,24
NOUN,traduction,24
NOUN,in,24
NOUN,intermodalité,24
NOUN,rame,24
NOUN,bénéfique,24
NOUN,atroce,24
NOUN,reglementation,24
NOUN,chapeau,23
NOUN,lancée,23
NOUN,drame,23
NOUN,hollande,23
NOUN,pragmatisme,23
NOUN,bénédiction,23
NOUN,exergue,23
NOUN,fouet,23
NOUN,déploiement,23
NOUN,havre,23
NOUN,addition,23
NOUN,frange,23
NOUN,développe,23
NOUN,cargot,23
NOUN,frontalier,23
NOUN,thermostat,23
NOUN,cocktail,23
NOUN,sauvon,23
NOUN,converger,23
NOUN,laïcité,23
NOUN,bougie,23
NOUN,aléatoire,23
NOUN,porc,23
NOUN,interlocuteur,23
NOUN,robotisation,23
NOUN,eelv,23
NOUN,artisan,23
NOUN,instabilité,23
NOUN,combinaison,23
NOUN,cynisme,23
NOUN,agenda,23
NOUN,bougeon,23
NOUN,positionnement,23
NOUN,nutriment,23
NOUN,juridiction,23
NOUN,rayonnement,23
NOUN,immédiate,23
NOUN,énergétiquement,23
NOUN,tampon,23
NOUN,abusent,23
NOUN,ressenti,23
NOUN,anse,23
NOUN,transite,23
NOUN,flacon,23
NOUN,détaxation,23
NOUN,glaciation,23
NOUN,rétablie,23
NOUN,cese,23
NOUN,visage,23
NOUN,proposée,23
NOUN,labour,23
NOUN,péréquation,23
NOUN,rajoute,23
NOUN,faculté,23
NOUN,proie,23
NOUN,that,23
NOUN,populaire,23
NOUN,probabilité,23
NOUN,décomposition,23
NOUN,évidente,23
NOUN,grandi,23
NOUN,danone,22
NOUN,soldat,22
NOUN,surcroît,22
NOUN,gorge,22
NOUN,accidentologie,22
NOUN,crime,22
NOUN,diminue,22
NOUN,grandeur,22
NOUN,écobuage,22
NOUN,saisie,22
NOUN,équipé,22
NOUN,sûrement,22
NOUN,efficiente,22
NOUN,kerozene,22
NOUN,contraire,22
NOUN,contenant,22
NOUN,sincère,22
NOUN,symptôme,22
NOUN,arrogance,22
NOUN,inventon,22
NOUN,passée,22
NOUN,inquiétante,22
NOUN,mercantile,22
NOUN,réappropriation,22
NOUN,consenti,22
NOUN,evaluation,22
NOUN,climato,22
NOUN,goudronnage,22
NOUN,restitution,22
NOUN,spécialisation,22
NOUN,diplomatie,22
NOUN,clientèle,22
NOUN,apte,22
NOUN,matiere,22
NOUN,radioactive,22
NOUN,déviation,22
NOUN,panel,22
NOUN,acheminement,22
NOUN,collision,22
NOUN,verrez,22
NOUN,maltraité,22
NOUN,récalcitrant,22
NOUN,privilégiez,22
NOUN,methanisation,22
NOUN,éviton,22
NOUN,ciblée,22
NOUN,intégralement,22
NOUN,réfrigérateur,22
NOUN,dreal,22
NOUN,bitume,22
NOUN,approbation,22
NOUN,fécondité,22
NOUN,grignotage,22
NOUN,repeuplement,22
NOUN,maternité,22
NOUN,fluctuation,22
NOUN,thermique,22
NOUN,payante,22
NOUN,cordée,22
NOUN,dilemme,22
NOUN,flou,22
NOUN,lobie,22
NOUN,echange,22
NOUN,cessent,22
NOUN,clef,22
NOUN,habit,22
NOUN,démantèlement,22
NOUN,multiplicité,22
NOUN,éléphant,22
NOUN,adéquat,22
NOUN,manoeuvre,22
NOUN,conjoint,22
NOUN,taxé,22
NOUN,limoge,22
NOUN,btp,22
NOUN,life,22
NOUN,where,22
NOUN,unie,22
NOUN,nette,22
NOUN,majoration,22
NOUN,rarement,22
NOUN,tentation,22
NOUN,baie,22
NOUN,créneau,22
NOUN,inspection,22
NOUN,insuffisante,22
NOUN,emmanuel,22
NOUN,dion,22
NOUN,apple,21
NOUN,pub,21
NOUN,affiche,21
NOUN,off,21
NOUN,inventaire,21
NOUN,hésitation,21
NOUN,acide,21
NOUN,détruison,21
NOUN,veolia,21
NOUN,radiateur,21
NOUN,apanage,21
NOUN,charcuterie,21
NOUN,fabriqué,21
NOUN,complet,21
NOUN,pâte,21
NOUN,pdg,21
NOUN,navette,21
NOUN,éduquon,21
NOUN,utilisent,21
NOUN,exceptionnelle,21
NOUN,enthousiasme,21
NOUN,recuperation,21
NOUN,charrue,21
NOUN,pluralité,21
NOUN,queue,21
NOUN,dépasse,21
NOUN,privation,21
NOUN,lâche,21
NOUN,arrachage,21
NOUN,yaourt,21
NOUN,excellent,21
NOUN,illusoire,21
NOUN,dénonciation,21
NOUN,refuson,21
NOUN,invite,21
NOUN,encombrant,21
NOUN,travaillon,21
NOUN,désaccord,21
NOUN,émancipation,21
NOUN,assemblage,21
NOUN,désherbage,21
NOUN,cœur,21
NOUN,automatisation,21
NOUN,aime,21
NOUN,imposé,21
NOUN,réjouir,21
NOUN,intensification,21
NOUN,cochonnerie,21
NOUN,quid,21
NOUN,implantée,21
NOUN,induction,21
NOUN,messagerie,21
NOUN,méfait,21
NOUN,cancérigène,21
NOUN,artificielle,21
NOUN,éruption,21
NOUN,éolienne,21
NOUN,bébé,21
NOUN,térawattheure,21
NOUN,objection,21
NOUN,cdg,21
NOUN,évident,21
NOUN,catastrophisme,21
NOUN,roue,21
NOUN,incompétent,21
NOUN,union,21
NOUN,biocarburant,21
NOUN,devron,21
NOUN,spot,21
NOUN,clivage,21
NOUN,refroidir,21
NOUN,amplitude,21
NOUN,rémunérateur,21
NOUN,déplore,21
NOUN,dent,21
NOUN,classification,21
NOUN,chasseur,21
NOUN,formulation,21
NOUN,fabriquon,20
NOUN,anecdotique,20
NOUN,adage,20
NOUN,biologiste,20
NOUN,émanation,20
NOUN,mile,20
NOUN,minimum,20
NOUN,pedagogie,20
NOUN,lambda,20
NOUN,chauffe,20
NOUN,inspecteur,20
NOUN,conservon,20
NOUN,délinquant,20
NOUN,bidon,20
NOUN,transporté,20
NOUN,bioénergie,20
NOUN,abusivement,20
NOUN,entraînent,20
NOUN,ensoleillement,20
NOUN,tertiaire,20
NOUN,organisateur,20
NOUN,emploie,20
NOUN,acidification,20
NOUN,terrien,20
NOUN,inflexion,20
NOUN,prédécesseur,20
NOUN,depense,20
NOUN,hab,20
NOUN,mirage,20
NOUN,ch,20
NOUN,trust,20
NOUN,encouragée,20
NOUN,choisisson,20
NOUN,corrosion,20
NOUN,subisson,20
NOUN,personnage,20
NOUN,etiquetage,20
NOUN,usagée,20
NOUN,nicola,20
NOUN,cimenterie,20
NOUN,intervenant,20
NOUN,kerosène,20
NOUN,green,20
NOUN,culturelle,20
NOUN,salarie,20
NOUN,fondateur,20
NOUN,tranquillité,20
NOUN,leclerc,20
NOUN,accumulateur,20
NOUN,habitée,20
NOUN,précaire,20
NOUN,fiasco,20
NOUN,apiculteur,20
NOUN,volant,20
NOUN,nourrie,20
NOUN,rééquilibrage,20
NOUN,nanti,20
NOUN,homo,20
NOUN,du,20
NOUN,canalisation,20
NOUN,nourrit,20
NOUN,fier,20
NOUN,sollicitation,20
NOUN,isolé,20
NOUN,barry,20
NOUN,clientélisme,20
NOUN,testé,20
NOUN,défend,20
NOUN,bicyclette,20
NOUN,fap,20
NOUN,subsistance,20
NOUN,boulet,20
NOUN,permanent,20
NOUN,platine,20
NOUN,pédagogue,20
NOUN,demie,20
NOUN,allier,20
NOUN,recyclabilité,20
NOUN,avère,20
NOUN,echelle,20
NOUN,aérogénérateur,20
PROPN,france,9431
PROPN,europe,2326
PROPN,paris,1724
PROPN,monde,1305
PROPN,jusqu,1240
PROPN,vrai,923
PROPN,chasseurs,763
PROPN,lourd,695
PROPN,chine,536
PROPN,union,362
PROPN,nicolas,332
PROPN,plans,309
PROPN,lyon,292
PROPN,>,281
PROPN,ménages,275
PROPN,domaine,247
PROPN,vert,228
PROPN,strasbourg,208
PROPN,jardin,208
PROPN,échelon,201
PROPN,panneaux,182
PROPN,tva,175
PROPN,afrique,174
PROPN,carton,171
PROPN,hydrogène,170
PROPN,linky,169
PROPN,béton,153
PROPN,micro,150
PROPN,humanité,150
PROPN,chaud,146
PROPN,bois,141
PROPN,etats-unis,141
PROPN,fret,129
PROPN,jean,119
PROPN,lobbying,115
PROPN,océans,113
PROPN,lu,109
PROPN,ressource,109
PROPN,verts,107
PROPN,artisans,104
PROPN,japon,101
PROPN,zone,99
PROPN,pesticides,99
PROPN,soyez,98
PROPN,enjeux,98
PROPN,co2,97
PROPN,mr,93
PROPN,bouteille,93
PROPN,niches,91
PROPN,,90
PROPN,lorsqu,86
PROPN,●,85
PROPN,royaume,81
PROPN,kms,80
PROPN,développé,79
PROPN,business,77
PROPN,ue,74
PROPN,bce,74
PROPN,fléau,72
PROPN,euro,68
PROPN,mer,66
PROPN,artisan,65
PROPN,guyane,62
PROPN,turin,60
PROPN,mot,57
PROPN,uni,57
PROPN,sncf,56
PROPN,rotation,56
PROPN,hypocrisie,55
PROPN,cours,54
PROPN,diagnostic,53
PROPN,zélande,52
PROPN,états-unis,52
PROPN,point,52
PROPN,dégradation,52
PROPN,dégâts,50
PROPN,environnementaux,50
PROPN,résistance,50
PROPN,dumping,50
PROPN,jacques,49
PROPN,boulot,47
PROPN,colis,46
PROPN,cœur,45
PROPN,françois,45
PROPN,paysans,45
PROPN,/p,44
PROPN,d'1,43
PROPN,triangle,43
PROPN,bravo,43
PROPN,greenwashing,42
PROPN,priori,42
PROPN,bourg,42
PROPN,chirac,41
PROPN,prime,41
PROPN,asie,40
PROPN,poison,40
PROPN,pays,40
PROPN,stock,40
PROPN,jeunesse,40
PROPN,jouzel,40
PROPN,dpe,40
PROPN,costa,39
PROPN,échange,38
PROPN,à,38
PROPN,doigt,37
PROPN,pans,35
PROPN,ric,35
PROPN,parti,34
PROPN,green,34
PROPN,contrario,33
PROPN,facile,33
PROPN,quai,32
PROPN,suremballages,32
PROPN,luxembourg,32
PROPN,michel,31
PROPN,rachat,31
PROPN,agriculteur,30
PROPN,suppression,30
PROPN,journée,30
PROPN,cice,29
PROPN,lobbyings,29
PROPN,golfe,28
PROPN,pertes,28
PROPN,my,28
PROPN,vrac,28
PROPN,food,27
PROPN,pis,27
PROPN,smartphone,27
PROPN,courre,27
PROPN,décarboné,27
PROPN,b/,27
PROPN,justice,26
PROPN,fake,26
PROPN,city,26
PROPN,centrales,26
PROPN,post,25
PROPN,chômage,25
PROPN,planète,25
PROPN,réacteurs,25
PROPN,souffre,25
PROPN,louis,24
PROPN,alain,24
PROPN,wc,24
PROPN,entrepreneurs,24
PROPN,relève,24
PROPN,concret,24
PROPN,diesel,24
PROPN,jobs,24
PROPN,axe,24
PROPN,philippe,24
PROPN,thomas,23
PROPN,here,23
PROPN,calcul,22
PROPN,dieu,22
PROPN,citadin,22
PROPN,with,22
PROPN,soumettre,21
PROPN,kmh,21
PROPN,¼,21
PROPN,malus,20
PROPN,plancher,20
PROPN,conso,20
PROPN,essentiel,20
PROPN,déclin,20
PROPN,rome,19
PROPN,canada,19
PROPN,adéquat,19
PROPN,désastreux,19
PROPN,challenges,19
PROPN,cartes,19
PROPN,cuisson,19
PROPN,abattre,19
PROPN,joindre,19
PROPN,regard,18
PROPN,calme,18
PROPN,congo,18
PROPN,insee,18
PROPN,coupes,18
PROPN,grid,18
PROPN,côte,18
PROPN,piéton,18
PROPN,feu,18
PROPN,massacre,18
PROPN,concilier,17
PROPN,démunis,17
PROPN,farine,17
PROPN,flot,17
PROPN,noël,17
PROPN,minimum,17
PROPN,honey,17
PROPN,gérard,17
PROPN,garages,16
PROPN,bec,16
PROPN,nord,16
PROPN,chauffages,16
PROPN,réchauffer,16
PROPN,rsa,16
PROPN,recyclage,16
PROPN,gamme,16
PROPN,pretexte,16
PROPN,d.,16
PROPN,priorités,16
PROPN,pierre,16
PROPN,analyses,15
PROPN,guy,15
PROPN,vosges,15
PROPN,pieds,15
PROPN,axé,15
PROPN,racket,15
PROPN,quasi,15
PROPN,culpabilise,15
PROPN,fontaine,15
PROPN,cancers,14
PROPN,iran,14
PROPN,élevages,14
PROPN,permafrost,14
PROPN,cop21,14
PROPN,cochon,14
PROPN,citoyen,14
PROPN,délai,14
PROPN,réveil,14
PROPN,assume,14
PROPN,washington,14
PROPN,onu,14
PROPN,cost,14
PROPN,zoos,14
PROPN,paul,14
PROPN,diplôme,14
PROPN,daniel,14
PROPN,région,13
PROPN,judicieux,13
PROPN,pr,13
PROPN,cube,13
PROPN,pétrochimique,13
PROPN,tech,13
PROPN,interroge,13
PROPN,jean-louis,13
PROPN,kilo,13
PROPN,dechet,13
PROPN,that,13
PROPN,kit,13
PROPN,truc,13
PROPN,ocde,13
PROPN,bijoux,13
PROPN,usa,12
PROPN,eco,12
PROPN,internet,12
PROPN,raison,12
PROPN,assujetti,12
PROPN,ps,12
PROPN,couleur,12
PROPN,benelux,12
PROPN,logement,12
PROPN,robert,12
PROPN,immeuble,12
PROPN,média,12
PROPN,regrette,12
PROPN,fric,12
PROPN,very,12
PROPN,denis,12
PROPN,espace,12
PROPN,jean-claude,12
PROPN,cea,12
PROPN,christian,11
PROPN,c.,11
PROPN,frappe,11
PROPN,insensé,11
PROPN,zoé,11
PROPN,développée,11
PROPN,n.hulot,11
PROPN,dessert,11
PROPN,alpes,11
PROPN,convaincue,11
PROPN,bonus/,11
PROPN,livret,11
PROPN,---1,11
PROPN,diabète,11
PROPN,doute,11
PROPN,couvert,11
PROPN,patrick,11
PROPN,biométhane,11
PROPN,création,11
PROPN,bocages,11
PROPN,maman,11
PROPN,catalyseur,11
PROPN,.le,11
PROPN,-on,11
PROPN,20h30,11
PROPN,pan,11
PROPN,tankers,10
PROPN,e.,10
PROPN,pied,10
PROPN,tri,10
PROPN,diversifier,10
PROPN,enclin,10
PROPN,h&m,10
PROPN,matériel,10
PROPN,marches,10
PROPN,tourisme,10
PROPN,/li,10
PROPN,forcé,10
PROPN,teom,10
PROPN,angle,10
PROPN,carrefours,10
PROPN,coûteuses,10
PROPN,ppri,10
PROPN,exupéry,10
PROPN,referendum,10
PROPN,caravane,10
PROPN,watt,10
PROPN,coutume,10
PROPN,going,10
PROPN,will,10
PROPN,talk,10
PROPN,cop,10
PROPN,exemple,10
PROPN,km2,10
PROPN,▪,10
PROPN,projet,10
PROPN,trump,10
PROPN,ferro,10
PROPN,gratuit,10
PROPN,lit,10
PROPN,bel,10
PROPN,hulot,10
PROPN,propreté,10
PROPN,dressage,10
PROPN,décoration,10
PROPN,emr,10
PROPN,andré,10
PROPN,https://fr.scribd.com/document/398875477/courrier-edouard-philippe-pour-une-loi-economie-circulaire-ambitieuse,10
PROPN,fedelec,10
PROPN,ethikis,10
PROPN,hellozack,10
PROPN,solaire2000@wanadoo.fr,10
PROPN,jlg46_03430,10
PROPN,dirai,9
PROPN,bateau,9
PROPN,gaz,9
PROPN,fier,9
PROPN,investis,9
PROPN,cylindré,9
PROPN,utilisateurs,9
PROPN,giscard,9
PROPN,<,9
PROPN,c02,9
PROPN,prétexte,9
PROPN,carboné,9
PROPN,respectueuses,9
PROPN,bangladesh,9
PROPN,5ans,9
PROPN,🔴,9
PROPN,voynet,9
PROPN,autarcie,9
PROPN,etc.,9
PROPN,senat,9
PROPN,malin,9
PROPN,structures,9
PROPN,lobbyes,9
PROPN,dépasse,9
PROPN,choisie,9
PROPN,edouard,9
PROPN,go,9
PROPN,work,9
PROPN,beton,9
PROPN,fer,9
PROPN,perçu,9
PROPN,.il,9
PROPN,sou,9
PROPN,blé,9
PROPN,logo,9
PROPN,mythe,9
PROPN,kangoo,9
PROPN,21h00,9
PROPN,pet,9
PROPN,cahier,9
PROPN,kwh,9
PROPN,plastic,9
PROPN,br><h1,9
PROPN,fiscalité,9
PROPN,wish,8
PROPN,sacro,8
PROPN,ticket,8
PROPN,celà,8
PROPN,cris,8
PROPN,jean-marc,8
PROPN,concourt,8
PROPN,financiere,8
PROPN,douane,8
PROPN,grosses,8
PROPN,bizarre,8
PROPN,poisson,8
PROPN,insecte,8
PROPN,scenario,8
PROPN,benefice,8
PROPN,tram,8
PROPN,didier,8
PROPN,ca,8
PROPN,m^me,8
PROPN,frelon,8
PROPN,respecte,8
PROPN,consumérisme,8
PROPN,reprocher,8
PROPN,vmc,8
PROPN,shell,8
PROPN,rio,8
PROPN,glyphosate,8
PROPN,sauvée,8
PROPN,to,8
PROPN,hello,8
PROPN,been,8
PROPN,référendums,8
PROPN,br/,8
PROPN,injustice,8
PROPN,accueil,8
PROPN,charlatans,8
PROPN,kw,8
PROPN,causes,8
PROPN,pelt,8
PROPN,nutri,8
PROPN,convaincus,8
PROPN,encouragez,8
PROPN,comparaison,8
PROPN,types,8
PROPN,supression,8
PROPN,onéreux,8
PROPN,gaspillages,8
PROPN,alcalin,8
PROPN,trans,8
PROPN,manœuvre,7
PROPN,terrestre,7
PROPN,syndicat,7
PROPN,glu,7
PROPN,pompe,7
PROPN,co²,7
PROPN,traffic,7
PROPN,pompidou,7
PROPN,pablo,7
PROPN,borloo,7
PROPN,corrompus,7
PROPN,plasma,7
PROPN,ex,7
PROPN,.la,7
PROPN,sorgho,7
PROPN,glace,7
PROPN,murs,7
PROPN,courageux,7
PROPN,lille,7
PROPN,facto,7
PROPN,jospin,7
PROPN,make,7
PROPN,little,7
PROPN,talking,7
PROPN,j,7
PROPN,surcroît,7
PROPN,équilibré,7
PROPN,moto,7
PROPN,hinkley,7
PROPN,moulin,7
PROPN,wikipedia,7
PROPN,gw,7
PROPN,irak,7
PROPN,30ans,7
PROPN,rt2012,7
PROPN,compost,7
PROPN,mensonge,7
PROPN,rachel,7
PROPN,carson,7
PROPN,metz,7
PROPN,île-de-france,7
PROPN,élève,7
PROPN,vietnam,7
PROPN,roland,7
PROPN,-quand,7
PROPN,méfier,7
PROPN,préservé,7
PROPN,roadmap,7
PROPN,généré,7
PROPN,➔,7
PROPN,malmaison,7
PROPN,frais,6
PROPN,danemark,6
PROPN,germano,6
PROPN,pub,6
PROPN,répartis,6
PROPN,copenhague,6
PROPN,montrez,6
PROPN,dominique,6
PROPN,working,6
PROPN,sur-emballages,6
PROPN,negawatt,6
PROPN,flexfuel,6
PROPN,kerosen,6
PROPN,.c,6
PROPN,a.,6
PROPN,waste,6
PROPN,bernard,6
PROPN,gafa,6
PROPN,m.hulot,6
PROPN,/span,6
PROPN,,6
PROPN,pénurie,6
PROPN,altitude,6
PROPN,formule,6
PROPN,ras-le-bol,6
PROPN,kérosene,6
PROPN,200,6
PROPN,10ans,6
PROPN,énergivore,6
PROPN,didn,6
PROPN,it,6
PROPN,catastrophes,6
PROPN,hommes,6
PROPN,dynamo,6
PROPN,blabla,6
PROPN,autoroutes,6
PROPN,economy,6
PROPN,bébé,6
PROPN,emporte,6
PROPN,wikipédia,6
PROPN,charles,6
PROPN,compresseur,6
PROPN,qatar,6
PROPN,dépensé,6
PROPN,expérimentés,6
PROPN,meurt,6
PROPN,jadis,6
PROPN,e10,6
PROPN,suédois,6
PROPN,2ans,6
PROPN,moyen-age,6
PROPN,habitants,6
PROPN,concours,6
PROPN,consom,6
PROPN,septennat,6
PROPN,gpb,6
PROPN,naturel,6
PROPN,bambou,6
PROPN,gnr,6
PROPN,m²,6
PROPN,j.o,6
PROPN,hybrides,6
PROPN,joly,6
PROPN,khmers,6
PROPN,cnr,6
PROPN,ikv,6
PROPN,étourdissement,6
PROPN,gaby,6
PROPN,carcasses,6
PROPN,cigéo,6
PROPN,-plus,5
PROPN,dé-carbonée,5
PROPN,´,5
PROPN,riche,5
PROPN,star,5
PROPN,corail,5
PROPN,e,5
PROPN,gnv,5
PROPN,enrichis,5
PROPN,croyez,5
PROPN,sous-évalué,5
PROPN,,5
PROPN,jean-luc,5
PROPN,comportements,5
PROPN,grids,5
PROPN,16h30,5
PROPN,déduites,5
PROPN,mail,5
PROPN,hambourg,5
PROPN,maremotrice,5
PROPN,bornes,5
PROPN,dédain,5
PROPN,îlot,5
PROPN,x%,5
PROPN,ramassages,5
PROPN,b.,5
PROPN,prestation,5
PROPN,bénéfices,5
PROPN,x.,5
PROPN,-etc,5
PROPN,défit,5
PROPN,ufc,5
PROPN,promos,5
PROPN,stocker,5
PROPN,modèle,5
PROPN,jeté,5
PROPN,pionniers,5
PROPN,cantal,5
PROPN,renard,5
PROPN,soft,5
PROPN,francis,5
PROPN,conteneur,5
PROPN,plui,5
PROPN,machin,5
PROPN,haven,5
PROPN,happened,5
PROPN,got,5
PROPN,wanted,5
PROPN,up,5
PROPN,groupes,5
PROPN,anticipe,5
PROPN,fin,5
PROPN,themes,5
PROPN,richesses,5
PROPN,self,5
PROPN,lopin,5
PROPN,certitude,5
PROPN,quidam,5
PROPN,churchill,5
PROPN,shopping,5
PROPN,endroit,5
PROPN,attrayantes,5
PROPN,faisans,5
PROPN,bien-sur,5
PROPN,vison,5
PROPN,mégawatt,5
PROPN,tris,5
PROPN,est-elle,5
PROPN,ressenti,5
PROPN,cest,5
PROPN,inde,5
PROPN,sud,5
PROPN,questionnaires,5
PROPN,taxe,5
PROPN,protégez,5
PROPN,echelle,5
PROPN,éclairage,5
PROPN,essieu,5
PROPN,urbain,5
PROPN,maïs,5
PROPN,proton,5
PROPN,augmente,5
PROPN,-taxer,5
PROPN,moderne,5
PROPN,rayon,5
PROPN,caraïbes,5
PROPN,nocturne,5
PROPN,hervé,5
PROPN,tout-va,5
PROPN,,5
PROPN,math,5
PROPN,tchad,5
PROPN,peace,5
PROPN,marqueur,5
PROPN,niveau,5
PROPN,barème,5
PROPN,nommé,5
PROPN,liban,5
PROPN,kilowatt,5
PROPN,sau,5
PROPN,profite,5
PROPN,jean-pierre,5
PROPN,r436,5
PROPN,égard,5
PROPN,agrista,5
PROPN,harrisburg,5
PROPN,rnr‐na,5
PROPN,cordoba,5
PROPN,problème,5
PROPN,nord-est,5
